id,affinity
1hdq,5.82
3f3c,6.02
5vb6,6.37
4ago,4.81
3nb5,7.74
5gmn,4.73
5etj,10.18
3upv,5.3
3t8v,6.59
4gih,8.32
3mxe,10.01
5sz4,9.7
4jz1,6.7
3ap4,3.92
1b1h,7.03
1sqa,9.21
1m2r,6.46
2ctc,3.89
1q54,5.85
3lpl,5.62
4lm4,3.04
3m3z,5.73
2oxy,6.52
3ok9,11.23
2q38,5.23
5anv,9.3
6mln,7.54
5i9x,7.52
1k1n,6.82
5yz2,4.95
6qr4,6.23
4ban,8.61
5l9i,7.0
3f8c,7.68
4q7s,4.42
1xgi,4.85
4i7l,3.99
4mul,6.21
4ytc,7.89
6np2,6.8
4jfs,5.27
3a6t,7.28
3uxd,4.41
3tfu,3.28
2vvu,8.1
3hzv,6.52
4ryd,11.26
5vm0,8.8
2pym,6.82
2wvt,6.12
4cu8,4.47
3cj2,4.85
3n9s,5.26
2oi0,7.55
4io4,4.61
4dmw,4.94
3kjd,8.54
4p5d,5.82
4e3g,4.97
5vij,7.61
2nnd,6.06
1jlr,3.33
5mks,4.77
6hh5,4.27
4gg7,8.2
5kqy,9.29
5fho,6.67
5yyf,6.48
3wz8,5.82
3zze,8.89
3su2,7.35
2j7d,7.13
4o2c,8.0
5ew0,6.59
3gcs,7.25
5o07,7.47
3neo,5.92
5cp9,3.51
2qi4,10.44
3l0v,7.64
5eh7,3.48
2p16,10.1
2xjg,7.82
4r75,7.24
1j01,6.47
1o5g,4.96
1sdv,8.74
5wuk,7.85
2f35,5.4
6b4n,10.55
1c5t,4.1
5dgu,11.35
1elr,4.96
6n3w,5.81
5z7b,4.89
3ldp,5.62
5eh5,5.87
2xn3,5.92
4j47,4.92
5m25,8.19
5ih9,8.7
5ia2,7.72
1fkw,5.05
1w3k,4.3
5caq,8.57
4bqs,4.21
4yx4,5.97
1t5f,4.22
4dfg,11.74
3oil,5.68
5f2u,8.43
4k3n,7.96
5yqx,6.96
1pot,5.49
6gxq,7.1
2exm,4.11
4ynb,10.37
1b46,5.28
3ag9,8.05
3std,11.11
1d2e,6.0
3qfd,4.17
1o5b,5.77
3c4h,5.7
3nw3,6.49
3ozs,5.33
5uoo,8.85
5j1r,4.66
5dbm,6.46
5l4i,6.59
2y81,8.7
5efc,4.85
2wk6,3.32
5fe7,3.31
1wcq,6.26
3fuz,6.54
4qsu,2.0
3qfy,6.12
1qft,8.77
5eek,9.1
1thz,5.15
4ybk,7.82
5c2a,8.32
6ey8,5.81
3k2f,7.2
3gy7,4.52
6eqw,10.65
4ibc,2.98
3uri,9.0
6u8b,6.37
4hp0,6.12
3u90,4.62
4r4t,6.26
5f1r,6.0
5qa8,3.77
6rnt,2.37
1nhz,6.08
1fjs,9.96
4er1,6.62
4elh,8.09
2vjx,4.96
4do4,7.29
4gqr,3.96
2wkz,8.77
3lzz,3.84
4w9k,6.54
4jxs,4.74
4gkh,4.67
1iiq,7.48
1lnm,8.7
5i3x,8.1
3rdo,9.85
2yek,7.21
3lka,2.82
4q4p,6.39
4ujb,8.0
3dd8,7.85
4ljh,4.71
6cn5,7.7
1qbo,7.74
2o8h,7.6
4ivd,9.52
1e3v,4.34
2on6,6.76
5fnt,6.17
5op5,6.67
2rcb,6.79
4rrf,3.62
5dyo,10.21
3pwm,9.1
6gga,4.85
3hkt,5.39
5mpn,7.07
6hr2,7.0
6f9v,6.76
2cbz,3.93
2b7d,8.7
2cej,8.62
5i3y,9.4
4a4v,6.54
4r5a,8.7
3zk6,6.34
4o0x,7.17
5m77,7.61
3d91,9.15
5cks,5.51
6gla,7.57
3buf,3.1
5nxp,7.99
5ufp,7.37
3znr,7.44
3f70,4.85
2v88,4.09
4azi,7.45
1li2,4.04
3d7k,4.6
4uma,5.41
2e2p,4.74
2h3e,5.7
6upj,6.32
3myg,10.7
1sl3,11.85
1rmz,8.0
4uye,8.02
2zxd,5.22
3c56,7.89
4io7,3.68
1hvj,11.4
3hk1,6.17
4ca6,6.74
3v7x,8.57
5evz,6.57
3rux,9.28
1ai5,3.72
2ha2,4.66
3p2e,6.22
2cgr,7.28
2nsl,4.68
3roc,8.19
2p7a,6.1
6fyz,7.41
6ud2,10.21
6pgc,5.35
6dar,6.66
2hxm,5.22
1moq,3.46
1os5,6.85
5ohy,5.17
1f4g,6.48
1tnh,3.37
4rqv,5.05
4k9y,6.95
6mub,7.0
2vsl,8.4
6hq7,6.11
5qay,3.23
4keq,3.82
2xef,9.84
2euk,6.6
1o2q,7.68
4aji,3.55
5tya,4.48
1mmq,7.52
1vyg,8.0
5j82,6.0
1qbu,10.24
6gl8,8.61
3pce,2.0
3tvc,7.74
4ca5,9.39
1qy1,6.52
1bwb,8.42
1s38,5.15
3ppp,5.22
5aa9,8.19
2v95,8.3
4cpz,7.68
6mja,7.85
5vc4,7.36
4k6i,6.2
4z0k,6.34
1kmy,5.1
1amw,4.54
5b5f,5.25
3mmf,7.43
2uwl,8.4
6epy,6.46
4nyf,7.31
6cdl,10.92
3imc,2.96
3b3c,3.98
5kej,5.11
3buh,3.66
4ddk,2.29
2zjw,7.7
4je7,6.4
2f1g,7.54
2xn5,6.69
2qpu,3.6
5sz2,8.7
5bv3,7.17
2hzl,6.57
6ma3,8.3
6jam,5.23
6hgr,3.46
6gw4,5.92
6c7x,7.19
1qin,8.0
3cft,4.19
2r5a,2.6
4yho,10.74
4hws,9.1
3sug,6.21
4r76,7.85
3f5j,4.28
5hrw,5.48
2xm1,5.07
1pxn,7.15
2qta,5.76
6cq1,3.66
1rtf,3.04
2e94,8.0
4dko,6.52
1dhi,7.26
4b3c,2.68
4i72,9.05
4p3h,6.0
4ih3,4.82
1b6h,7.82
5lyr,7.89
5d3t,4.92
6fmc,5.88
5qtt,8.47
5isz,4.49
5mo8,5.79
2x00,11.33
4ejl,5.14
4i9u,3.86
3hzm,5.52
5e2k,8.03
1sdu,10.07
1laf,7.85
4b1j,7.3
3nim,4.75
4pow,6.3
4nxv,5.42
2qm9,7.77
3dsz,7.77
5nya,6.38
2j75,6.65
5g5z,5.66
5nap,7.95
4kn0,7.4
2ptz,7.82
5g5f,5.28
4unp,3.23
3fjg,3.73
4abf,4.62
2pqc,5.74
1n4h,6.55
4fai,6.99
1owe,6.2
6ggf,5.39
2boh,8.52
1o33,5.74
2p95,9.37
6abx,2.14
5t7s,4.1
2x96,4.03
4mss,6.4
5c8n,7.55
1cps,6.66
4crl,9.71
5yft,5.0
4bi7,4.58
1ivp,7.52
4m7j,6.11
4g95,7.61
4rfm,10.05
3bl1,5.6
5ant,6.36
6e5l,7.18
5aol,2.32
1ik4,7.41
5itp,5.0
6gxb,7.46
5c3p,4.46
4ek9,4.42
5zvw,8.62
3upk,4.3
6qqu,5.3
5cso,6.03
5cbm,7.77
4l4v,5.78
6d5h,6.92
4nue,6.82
5fls,3.04
4ivc,10.0
6p3v,7.02
1d4l,8.77
6ml9,5.3
5ljq,9.0
1o30,6.77
1lpz,7.6
3mhi,6.7
3ryz,8.62
1v2l,4.29
4cws,7.92
2w08,3.42
3hcm,3.3
5lso,5.85
6st0,5.13
4rqk,5.82
1olx,4.33
4k18,8.96
1gi7,4.51
5t9z,7.19
5u0d,4.54
5llg,11.13
4zo5,9.82
6mlo,6.1
1a4k,8.0
2j94,6.27
3l4w,6.0
2rkf,9.08
2c3l,5.07
1j16,3.84
3pcg,2.3
6g3a,8.38
2r23,3.72
3si4,3.88
3hig,7.89
1lf2,7.52
5nlk,7.46
3iog,5.52
2jgs,6.62
6eif,6.98
4re2,4.98
1q72,6.85
2aqu,9.32
1cgl,6.87
1kzn,8.92
5l4j,4.28
4gzp,7.84
4n6g,5.47
2a5c,4.62
5k0h,7.09
3ozj,5.11
6dh6,9.93
3veh,4.96
1x8r,6.12
6fnf,7.89
5cu4,6.49
6dyz,9.2
4uyf,7.6
3ekt,10.59
2vh0,8.51
2pcp,8.7
1vso,4.72
1ta6,9.13
5j8m,6.8
3kmx,4.82
6bm5,5.84
5h1t,3.8
3p3s,7.59
2zq2,6.56
3suv,4.55
1h6h,5.3
4e70,5.28
1mfi,5.59
3d83,8.36
4ngp,7.96
6stl,8.8
1kjr,6.06
5ndf,5.85
4q87,4.85
3up2,7.4
1zoe,7.4
3coy,6.02
5fol,3.67
3nuo,9.8
3k1j,6.4
1sb1,6.89
4q8y,2.64
1d9i,9.11
6gf9,6.39
4qll,3.38
1hi5,4.04
1oe8,5.52
1w4o,5.22
4fnn,7.57
6r8o,8.22
2vc9,8.44
2yaz,5.14
3huc,5.99
2izl,6.0
1m7i,5.4
5v79,6.41
2oiq,5.0
6ftp,5.82
1mq6,11.15
4qrh,5.15
2ccc,7.76
6gue,8.4
3tsk,7.17
1c87,4.2
6o5u,4.38
4qev,7.66
5mkr,4.77
4zb6,6.28
2reg,5.64
3f68,5.06
3p17,4.48
6ecz,6.57
5ttw,5.96
6qe0,4.6
6fba,4.7
2nsj,4.79
6qlr,4.82
1gvw,6.96
6ayq,8.19
5eqp,5.4
4lxd,7.23
1rd4,7.74
5ehr,7.14
1k4h,5.11
5g61,6.4
6nwl,7.37
5tkk,8.28
4z07,7.99
1kyv,5.92
2fgv,6.12
2d0k,5.02
3hp9,4.59
3vfa,9.19
6cpw,8.25
4da5,6.44
4gr0,9.55
3u81,4.44
4tmk,7.7
4ad6,4.78
4agp,4.69
4kzu,6.5
1owh,7.4
3gi5,11.22
5fpk,3.55
6r4k,5.07
6ma2,5.39
3k02,5.0
5nkd,7.59
2fgu,9.18
5dkn,3.69
4xoc,8.52
5u49,6.14
3n7a,3.7
2q8m,4.03
5wlo,10.82
4bks,3.82
3arp,7.15
2gkl,5.35
6gxg,5.24
2y7i,5.54
7std,10.72
3tb6,5.08
6o0m,9.34
1nm6,10.05
5i88,6.6
2jke,4.23
6g2e,5.01
1bzj,4.66
6f20,4.31
3mhm,7.0
4ezz,5.19
1km3,4.91
3o8p,6.46
6dj2,8.12
1qf0,7.38
4ddm,2.46
4zji,6.47
1e5j,4.0
5b5g,5.25
4gii,8.74
5t8o,6.51
4kz4,4.15
5j41,3.7
5ouh,5.67
1c1r,7.63
5avf,5.49
3sk2,3.61
4d7b,7.68
6ays,9.19
4rlu,4.82
1bcd,8.7
1g36,7.17
6r8l,6.17
2v3u,3.0
5ovv,4.48
5nk2,6.74
2xhm,6.8
6pia,4.96
2q63,7.18
1lpk,7.55
6nxz,5.46
1cbx,6.35
3lzs,10.96
2d3u,6.92
2f7p,6.6
1usk,6.4
5am7,7.19
5f1x,6.11
1y0l,9.0
5vb7,6.72
2brm,5.89
2vw1,3.52
5tb6,5.82
1o3d,7.13
2cet,8.02
2r3t,5.85
4j3l,7.8
3mi2,7.77
4q3t,6.48
5a81,5.54
5nw2,6.49
6qr2,5.49
6e7u,6.92
1mu6,8.38
1ghw,4.2
1cnx,7.37
3gjw,8.3
4r4o,5.82
5f8y,4.24
3dx3,6.52
2xm2,4.62
4bt4,3.34
6pg3,3.32
3b5r,8.77
1bma,4.59
6fuh,3.77
4x24,9.78
2x4z,8.57
1drv,6.54
3r4m,5.92
1tmn,7.3
5hwv,5.07
1jys,3.52
1kav,5.82
5eei,9.22
2hah,8.0
6jof,4.98
1pme,9.4
5fns,5.4
3uyr,6.9
1s39,7.7
4b6p,7.13
1v2j,3.25
3t09,3.8
1s89,5.24
3fcq,2.77
1fzq,7.62
1o5c,5.22
3bl0,6.92
6nzv,10.17
2r9x,4.85
3u92,7.48
2pv1,7.14
5osl,3.43
6evr,8.06
6cdp,8.79
4yth,8.7
1pxp,6.66
4j46,5.28
5f25,5.04
1y6q,11.7
1ex8,6.33
6mh1,5.92
5nk8,6.64
5tuo,6.49
3k5v,6.3
2clk,3.79
1c5p,4.68
3t3c,10.23
1lbk,3.18
3ed0,6.35
2iwx,6.68
3s72,6.4
2dri,6.89
6r13,4.7
4dli,5.62
6n7b,9.22
3q71,5.22
5llc,9.52
2o0u,5.49
6dyu,10.26
1b8n,10.52
3cz1,7.26
2yfx,8.09
2vhj,3.9
6o95,8.29
1fkn,8.8
4crc,8.72
5g2g,6.05
1q65,5.46
3mv0,3.85
4jia,9.22
5lif,5.87
1tpw,3.3
1ec9,3.1
3oaf,8.8
5oqu,3.61
4non,5.24
3nu4,8.82
5ix0,6.28
2pu1,5.85
4rwj,8.7
5u4d,6.33
1b52,7.12
2c97,6.14
6epz,7.14
4cpw,7.5
3iod,4.1
1ogd,3.03
4zbf,7.13
4cg9,6.21
1f0r,7.66
4b2i,3.0
4cjp,3.32
1qb9,7.44
1nfy,8.89
3dxg,2.4
4ykj,4.43
1xug,7.05
4cd0,9.7
5iyy,4.77
2bvr,3.7
4a95,5.76
5u4b,5.74
3g0i,3.6
3qwc,4.26
1ecq,3.0
4xoe,5.0
1f4x,5.59
4qpl,7.41
5jzi,4.8
3rlr,7.52
3dbu,8.06
4pee,8.32
3ejq,8.57
4pqa,5.55
3gkz,8.0
4gr3,7.81
4igt,7.89
2i19,7.8
2v57,7.1
4ua8,6.26
1njs,7.82
4owm,2.96
2bys,9.52
6dgq,5.51
1ogg,5.19
6szp,4.74
4jyb,6.96
1a30,4.3
4p58,4.6
6eqx,10.47
1li6,3.8
4l4z,5.68
4mgd,4.69
6hd6,5.7
1n1m,5.7
2jds,8.2
5mgf,4.27
5ta4,7.62
4cwn,5.59
1g48,8.41
3w07,3.38
3d50,4.77
4ucc,4.32
3rm4,5.77
4lkq,3.35
4f6u,6.15
5g2b,7.0
2gst,6.07
3b7u,7.74
1g53,9.04
1mtr,8.4
5zym,5.77
2hkf,6.38
4pin,5.4
2pvj,8.1
3l4z,6.72
4lyw,6.63
4gqp,9.6
4ts1,4.94
4w9c,4.65
3k8c,2.92
4rfr,6.54
2v2q,4.15
3e93,8.85
1bm7,7.52
1nw7,5.09
3a5y,7.96
4bt3,3.12
1jqy,4.92
6eis,6.6
2vw5,8.52
3t83,6.98
4oc1,6.6
3s8o,6.85
2vl4,6.01
3t64,6.7
2q1q,8.15
2drc,9.89
1m2p,6.11
6i66,6.74
1fcz,9.22
4ase,11.0
2zda,8.4
6i11,4.53
2uy3,3.22
4axd,4.43
3wha,9.32
3hmp,5.49
1pzp,3.31
1usi,6.74
3fvl,6.07
1f74,3.05
6ssy,3.19
3qlm,6.37
1enu,5.08
2ypi,4.82
3ujd,4.69
1uho,9.22
4ocq,4.61
3h5b,10.0
3n3j,8.48
1mes,7.7
4kcx,4.43
1bhf,4.38
1hbv,6.37
6ftf,8.1
4ufm,3.72
5d24,5.24
5tmp,7.47
5ii2,4.89
3mz6,7.2
1w5v,8.15
4umc,3.44
1oar,7.4
4k5p,3.46
6eya,7.48
4hw3,6.49
1ype,8.1
2xeg,10.7
1tjp,4.42
5vi6,8.52
2r3w,6.89
3wtm,7.0
6orr,9.3
5ect,5.28
1c5z,4.01
5f5z,7.07
4ih6,4.74
2rkg,8.09
4oc0,6.5
5yh8,6.78
3jya,6.89
6cbg,3.95
3tcg,5.87
5alb,10.71
5win,7.03
6dj1,10.51
6if0,6.51
1uv6,5.12
1o0n,4.09
6udi,10.0
3hky,7.1
2d1n,8.15
4agc,10.7
1d7i,3.6
1nw5,5.21
1kv5,4.22
5o87,6.61
4poh,8.0
4lhv,10.0
2x2r,7.12
4ibg,3.97
3bbb,7.0
3f8e,7.23
3ibu,9.15
3b26,6.64
6gj8,5.87
4er2,9.3
3l3n,8.18
5z7j,6.6
2ha3,3.03
5fck,8.22
4w9p,7.8
1hii,7.28
3ip8,2.28
1nny,7.66
4av5,7.21
2pqb,7.2
5kly,7.21
5jg1,8.72
4zyf,8.64
5evd,5.0
4abd,4.4
3exh,4.88
3arw,6.15
4mn3,5.75
2jjb,7.92
4qf9,4.43
3uj9,4.63
4tte,3.69
4ymh,6.46
4xtw,9.03
6o0p,9.96
5f74,5.12
1gyy,3.64
5lsh,3.39
2w4x,4.85
3s6t,7.35
1nf8,7.82
5ipc,4.89
2j4g,6.6
2qci,8.34
5e6o,4.11
3ouj,6.05
2hnc,7.22
6p89,5.01
3utu,10.92
6j0o,4.92
3g1v,3.19
1v2k,6.19
1f0u,7.16
6o5x,7.66
1k21,8.38
2rka,3.0
2j7f,6.35
2x8z,7.96
1tx7,4.6
6pl1,7.65
3bpc,4.8
5fsy,5.89
3h78,4.24
4ew3,6.74
5fl4,7.0
3gtc,2.35
1lan,7.22
4yes,8.02
4gu6,7.36
6ueg,4.71
5uv2,4.4
4cs9,2.1
5llp,9.24
1ydr,5.52
5cbr,5.74
3hit,8.19
3gi6,11.22
3u8l,8.05
6gnm,4.26
2pql,7.28
3exe,6.96
3tay,3.38
5c5t,3.13
1nc1,6.12
3m6r,7.49
1ebw,9.05
2gv7,7.85
1xk9,6.85
3t85,7.95
4mrz,3.52
2p53,7.46
4d1j,6.31
3kmc,6.4
6gxe,8.05
5xmx,7.24
6fh3,3.07
5t19,4.49
6hgs,3.77
4avh,7.23
5tcj,7.38
2r43,6.0
6ma4,7.35
2weq,5.9
4ks4,7.14
4n7m,5.47
5aan,4.15
6gjn,6.22
5cbs,5.41
5v82,10.15
2y7z,8.7
6eyb,5.37
2ewb,6.1
4wk1,5.89
4lm0,3.25
4ko8,7.15
5x54,5.0
2vnt,8.0
5jvi,6.51
5nka,5.46
3o9d,10.72
3nxq,8.15
4q3u,6.44
5o2d,5.68
1lgw,4.0
4leq,6.54
4u6w,4.21
3ekw,7.96
4q46,3.77
4hy1,8.7
5wa5,6.72
1qbv,5.39
4ibd,3.67
1m7d,6.23
1upf,4.6
6dj5,8.14
4avs,3.49
6oja,9.7
3ge7,8.7
4ca8,6.68
1mrx,7.26
4oiv,5.08
3dd0,9.0
3nik,3.45
3v5p,8.96
4rvr,6.87
3shc,5.72
1my4,6.98
2ves,7.7
4z83,7.4
4ufj,4.28
6f9u,5.13
3rm9,4.77
1y20,5.32
4tmn,10.17
5oaj,6.56
1lpg,7.09
5b25,10.24
2qtg,5.08
2g5u,8.49
1nfx,8.52
6phx,3.32
1mai,6.68
6det,8.22
1ele,6.85
6eq3,6.15
4ad2,6.2
6ugp,6.16
2flr,6.1
6cjv,5.66
2vzr,4.28
3arx,5.33
1utj,3.84
1str,4.77
3ta0,3.47
3zi8,5.66
1mu8,9.0
5d3p,5.13
4djq,10.32
6jbe,4.7
2vt3,4.15
6odz,9.15
2vw2,3.3
6pid,4.54
4dew,7.0
5fdc,7.46
6dsp,6.09
3cd7,7.84
6dd0,5.48
4ly9,8.15
4ncn,5.67
4cjr,3.1
5u14,5.34
3rz8,8.17
5ueu,7.78
4ahu,2.27
6d9s,5.96
2qdt,5.19
4tqn,6.11
5fbi,2.8
2dw7,4.7
5hvs,7.15
5kcb,6.0
6cwn,6.65
3t08,3.04
1sbg,7.74
1wuq,8.27
2yb0,3.85
3b7i,5.82
6hgj,4.38
5oxk,2.17
3nsn,7.19
1fiv,6.59
5n84,7.96
6ior,4.31
3qqs,5.82
3rz7,8.96
3bva,6.52
1b51,7.37
4c1y,3.6
3dnd,4.8
3s75,6.82
4uja,9.05
3arq,6.4
1d09,7.57
5wxh,6.15
2nmz,8.37
4app,7.19
6e7r,6.83
3nuj,9.39
3mfv,2.52
5nxi,6.66
6n9l,6.7
4dcs,5.1
1ssq,6.0
1adl,5.36
2h21,6.54
6ghj,2.16
6gl9,6.87
4ibf,4.43
1uj5,3.05
5yhg,6.02
4ovg,3.69
1g35,8.14
2cf9,7.82
1efy,8.22
4b6o,7.0
5zaj,7.38
4u71,5.22
6o94,8.74
3gv9,2.12
6ayi,6.68
1qbr,10.57
1e2l,4.29
3elc,2.69
4qgi,3.9
4j22,7.74
3usx,5.02
2xii,7.2
3k97,8.0
1w7g,5.1
6ftw,6.49
6udu,9.3
2erz,5.66
1j4r,7.72
1dgm,5.05
4m0y,6.46
4us3,5.32
1w11,8.22
3m40,6.77
4b3d,2.68
1sv3,4.35
3nht,7.01
6gjw,4.96
1jzs,6.6
3fzy,6.74
4g8v,5.8
2zdm,6.41
6t1o,5.59
3o9p,6.52
5d1r,4.84
6h1u,5.32
6ets,5.64
1t7j,8.7
5otc,4.71
3ga5,5.49
2w67,4.96
6dpy,4.1
2fdp,7.59
3sr4,6.54
1nki,6.7
6qlu,4.64
1b32,7.1
2uyq,5.68
6hni,4.03
4rd3,6.47
4qac,9.4
6nsv,7.8
4psb,4.64
6d1i,4.09
1m1b,4.66
6eiz,6.22
6jad,4.32
2wf5,6.0
6h1d,5.6
4hdp,7.51
4pzv,5.7
6dh1,10.58
1v7a,8.01
4wko,9.47
4m14,6.7
3lp7,5.44
5i2e,6.64
5nk4,8.7
6j9y,5.07
4jzi,7.4
1k27,9.0
6g6t,7.7
3czv,7.8
1ucn,5.22
3cf8,4.9
2ojg,5.64
1k1i,6.58
5c2h,11.09
5llo,9.4
5mqe,5.4
1utm,3.01
5ne5,7.41
5lli,7.05
1os0,6.03
1r1j,8.64
5tpx,6.55
3i6o,10.35
4det,5.68
5ldm,3.86
3hku,8.3
5fut,6.45
3ryx,8.14
5fl6,7.36
5c28,5.66
1zvx,9.22
3uug,4.51
5nkg,7.68
5amg,8.22
6eeb,5.3
3p8p,4.55
3ary,6.0
2qd6,8.68
3b92,8.0
3dx1,3.58
6d50,5.05
4pum,6.73
2j78,6.42
5j3l,4.8
2vvs,7.34
5efj,6.46
4bcp,6.25
4r4c,5.54
1utl,2.47
3g3r,6.48
5fso,6.09
5ka7,4.35
1li3,4.25
4agl,3.65
5eng,5.85
3aru,3.22
2c3i,7.6
5m28,4.32
6dil,8.12
6as8,7.05
2wor,3.9
2zz2,4.54
1bju,4.8
6d3q,8.47
3kv2,7.32
5ufr,8.7
4mmm,3.82
5kva,5.14
1b6l,8.3
4ayp,6.12
2yz3,6.66
1m48,5.09
5his,4.71
2f81,10.52
4bt5,2.76
5ltn,5.27
4x8v,6.89
5een,8.96
5jfp,9.32
4q81,3.02
5e3a,5.44
4cr5,4.15
3tfn,6.57
6h33,9.22
5k9w,4.59
5ia3,7.34
4tim,2.16
4nvp,7.57
2pwc,6.57
5hwu,5.27
1o2o,6.36
2uwp,6.81
4u69,4.26
6hai,7.94
2xdl,3.1
3t0x,8.0
1w3j,6.32
5obg,7.13
6udv,10.29
5yjm,7.68
5uxf,7.06
5l7h,7.3
4cpy,6.31
6ppy,4.44
4f0c,6.27
4e7r,7.7
6qqq,5.17
6i8m,7.8
4agm,3.98
3ibi,8.59
3pe1,9.65
1zog,7.15
6ugn,6.12
3fj7,3.71
3uw5,7.85
4nbl,6.33
5qal,3.46
4b3b,3.6
1yej,7.46
3f15,8.1
1uz4,3.4
5ji8,4.63
5fox,3.17
5om3,4.1
4tln,3.72
1bnt,9.8
4a6s,5.2
5e74,4.41
4ruy,7.89
5e2p,8.8
1nvr,8.11
6cbf,5.17
2am4,3.72
3ohi,4.85
4n5d,3.22
3iss,6.05
1q8t,4.76
6f28,5.67
6qas,7.74
3zps,8.3
5ha1,7.19
3vhd,9.28
4jal,4.6
3dzt,7.22
4rww,5.85
2d3z,6.64
4ra1,5.94
5fh7,6.86
4kao,6.11
5ikb,8.72
3zsy,3.23
1oau,7.7
3t1m,3.04
5kh3,4.22
2olb,5.54
1q8w,5.24
5izf,9.74
4flp,6.72
4ij1,5.4
1hp5,6.55
5fsx,2.72
5sxm,8.54
2pu2,4.43
5nz4,6.28
5hi7,7.85
4yb5,4.71
4f2w,11.3
3g35,4.68
6dpx,5.89
1hvl,9.95
4cra,7.22
2i4u,11.57
1hee,5.34
5h8e,11.2
6np3,6.47
1hps,9.22
1fki,7.0
4yyt,6.38
4pp5,7.74
2qi6,10.57
2y8c,6.4
1ork,8.81
3nx7,8.1
2qpq,6.37
4mme,6.5
2fle,7.85
1e3g,9.0
3c2r,3.11
1usn,7.74
4nbn,4.36
3s77,7.21
2jkp,4.23
4dbm,7.62
4lhm,3.39
2pog,9.54
1odj,4.1
5bs4,11.0
4ck3,3.57
3oyq,7.99
1tng,2.93
2fxs,6.06
1lke,7.52
6nyv,6.51
3m96,7.22
2e92,6.89
4qdk,5.85
5nxg,8.55
3hfb,7.52
5khm,8.3
6np4,4.44
3hu3,6.89
2zq0,6.82
4b73,7.21
4nja,6.22
5sz3,8.6
2vot,7.14
1om1,6.77
4xya,5.86
1gai,8.0
6r9x,2.96
3pxf,4.43
5tcy,7.66
2vvc,8.52
5voj,8.44
2yki,9.46
3mjl,2.44
5l9g,7.7
3u6h,9.0
1qy2,5.74
3ov1,5.2
187l,3.37
3f80,4.22
6bs4,5.55
1o35,5.0
186l,4.85
1w9v,6.34
3zt3,2.86
2p3i,3.48
6g9x,3.92
5llh,10.17
2oax,8.65
5wcm,4.0
5tfx,7.22
1q7a,7.19
3sus,4.15
3qox,6.57
5htz,8.62
6qr7,7.15
5ia1,6.28
2sim,3.42
5wij,6.31
2vo4,4.94
6hsh,7.55
2qbr,6.33
6uh0,6.07
3b65,9.27
6g2f,5.17
2a5b,3.93
4afg,8.3
6np5,4.57
6exj,4.33
2p4s,9.51
5er4,2.76
6gj6,4.7
3tt4,8.28
6fnq,4.59
1o2r,5.21
3zi0,7.4
1o1s,7.31
4i71,7.74
3bfu,6.27
5tkj,8.15
6mnc,5.8
3rdq,9.31
6hzb,8.98
4ufh,6.42
6s5k,7.32
4fsl,7.7
5kby,8.82
5h9r,6.08
185l,3.54
3ozp,6.62
2qi1,7.3
3ip5,6.22
5lud,3.61
6qav,8.31
3hl7,7.64
4aia,3.66
3si3,4.16
5h1u,3.51
6qr1,5.07
4acc,7.7
1kpm,5.8
6dj7,8.72
5eij,5.31
6eq2,5.89
3t6b,6.36
4cgi,3.12
6e7j,9.48
2w8w,2.12
1ezq,9.05
4r74,8.1
5umy,6.97
4cjq,3.59
3ujc,4.59
3hww,7.12
4y3j,2.17
3gx0,3.48
3tz0,5.04
5tef,5.4
1ugx,5.91
1m0q,3.89
3lir,6.92
1y3n,5.55
5wqc,8.96
6mll,3.62
4aq4,6.17
5n34,4.63
3u8k,8.66
3iue,5.82
4b5d,7.89
4zae,8.44
6p83,7.1
4xir,6.94
1if7,10.52
6r1a,4.35
5ut6,4.24
6ftz,3.0
3bkl,6.17
1apv,9.0
2gj5,8.32
6i65,6.41
3s45,8.49
2oi2,6.3
4avi,7.63
2f9k,7.07
4avj,7.44
2oym,5.0
5boj,7.0
4de1,5.96
2w47,4.98
2aac,2.22
3f17,8.63
3cyz,7.22
5var,4.09
1xff,4.82
2h6b,5.39
5o5a,4.77
2xyd,6.82
3ao2,3.77
4eo6,8.7
3r17,6.41
3su6,6.02
3p8z,6.09
4agn,3.97
5vcw,5.96
3isj,3.68
6hk4,8.55
4ggz,10.18
2j27,3.52
1bjv,5.54
5lz4,5.7
3bvb,5.49
2r5p,8.48
3bxg,4.96
4gzx,3.19
5msb,7.46
5d3c,10.4
4f9w,6.94
2wzm,5.22
5mwy,7.0
4zl4,7.86
5xo7,6.36
3rz5,7.89
3rbu,9.43
4kp8,5.48
6ex1,7.31
3hb4,9.05
4f9y,6.74
1c1v,7.64
4zx0,8.0
4nkt,5.97
3eb1,4.79
6sge,7.51
6kjd,5.05
6oe0,8.92
2gyi,7.0
6fui,4.46
6evn,4.71
6gzm,8.26
5ivy,6.44
4urz,2.52
1pbq,6.27
2vyt,2.74
4f7v,5.38
3ikg,7.24
3nee,5.34
6k3l,7.22
5my8,7.14
2j79,5.96
4myd,4.55
3d4y,5.7
6eir,6.24
1ajq,4.31
3vf7,9.1
3d8w,8.15
1atl,6.28
5d3h,5.1
5d2r,5.82
5j2x,7.74
3wz7,5.74
6n7a,8.37
2f7i,7.1
6mjf,5.16
4cig,3.67
5nee,10.7
3n76,6.85
5k1d,4.68
5btv,3.85
4xu1,9.49
5i7x,7.28
5ioz,4.96
1swr,6.92
4fcq,7.0
6jtc,5.07
6dyr,3.66
2uyn,2.7
1k6c,7.48
5ijr,3.2
2za5,8.43
1xd0,7.12
3iob,3.42
5u0f,5.47
4a7i,8.7
2usn,6.51
1qbq,8.3
2jiw,4.59
3ivg,4.3
4xas,6.59
1wht,3.7
2evl,6.7
1g3d,5.55
3ui7,9.0
4oeu,7.66
4r3w,3.0
1uz1,6.89
1qyg,6.85
6c85,3.9
2za0,6.64
2fqw,6.68
5o9r,5.39
1ax0,3.13
3ibn,7.61
3wgg,4.4
4i7p,3.5
5n9r,5.59
5lyn,5.04
3b50,7.55
3vjc,7.72
5ucj,6.36
2uy0,6.92
6b98,4.65
4l51,3.0
2i2c,4.7
2r2m,7.33
6mku,7.15
3twp,3.92
5uln,7.85
4qfl,5.11
5dfp,7.66
5f1h,7.85
3ggu,9.77
4fzj,3.15
5h85,4.7
5tt3,6.71
1ydd,7.07
5aml,9.15
6o9c,7.55
4az5,5.99
4kqp,6.05
1o2n,6.09
6eed,6.09
1qkb,7.35
3ebh,6.32
2cgf,6.41
3uil,6.0
2rd6,8.3
4ll3,11.57
2fxv,5.35
4kb9,11.0
2y82,8.4
5tbe,8.97
2gv6,7.34
4u0f,5.92
6cjr,9.52
3bgq,7.96
5l7e,6.6
1rr6,10.25
6jan,5.79
6fnr,5.59
4ual,8.4
2ayr,9.29
2iko,5.45
6fag,6.59
2v25,5.72
3oy0,8.0
4fz3,3.73
2psu,7.62
1d7j,3.3
4gfm,7.22
2cbv,5.48
3pbb,7.02
2y80,8.05
6gzd,8.01
1jaq,4.48
5jox,4.46
4mdn,6.22
4djr,11.52
1jgl,8.7
3d9z,8.7
6eq8,8.0
2ceq,7.28
4x48,6.77
6gvf,7.55
5ev8,5.22
6jaw,5.66
4uin,7.62
6cdo,8.97
4zvi,6.33
5o1f,4.52
4daf,7.12
3pb7,5.74
5mes,6.47
4e4l,8.77
4llx,2.89
4f5y,5.43
5lvq,4.14
5e2o,8.7
4ezx,5.8
1bq4,5.22
5zyl,7.06
3mf5,5.36
2cn0,7.66
3pwk,3.35
2qd7,9.1
1gj6,7.0
2vpe,4.94
4og3,6.55
3su1,6.68
2aoc,4.89
3el1,9.64
5nze,6.39
4g90,4.51
4h7q,5.06
2qg0,5.72
5u11,5.35
1fl3,6.8
3wtl,7.04
4uj1,6.52
3c8b,6.1
2o4n,7.82
2h4g,6.52
2cbj,8.27
1ecv,4.85
4dy6,4.4
3f8f,6.63
6ajy,5.28
2r0h,3.51
4u70,5.02
3sv2,4.19
4loo,8.15
1mfd,5.31
4p6x,7.04
4iwz,7.29
6c2r,9.1
2pwd,4.4
1ua4,4.22
1n51,4.85
1bnv,8.77
2j77,4.89
4zow,4.12
1b55,7.4
1bnu,9.7
2qbs,6.68
4k7o,4.3
6ne5,10.52
3jvs,6.54
6pi6,5.66
1tq4,6.19
3t0d,2.37
1uml,7.52
4qge,9.3
3iph,7.6
4x5q,9.0
3ipu,7.32
1loq,3.7
3b2q,4.55
1j14,4.49
5x74,8.64
5l8y,6.4
3ebl,6.3
2bes,4.24
2y7x,8.89
6mji,7.29
4bqh,5.59
2wjg,7.1
6gwr,8.1
4zzy,5.6
4m0f,8.77
2vuk,3.9
3dp9,9.68
4o0y,7.22
3l4x,6.89
4l9i,4.89
3djk,10.59
1k9s,6.52
1hn4,3.82
3i51,7.7
3h1x,5.89
4jss,3.3
6n7d,9.52
5vr8,6.87
3vd9,4.0
3f7h,7.09
5ep7,5.4
6g27,3.14
1tom,8.3
2psv,7.24
6dzx,5.46
6eq1,4.61
3t1a,8.37
6ge7,6.06
1gwv,2.57
2cc7,8.01
2i3h,7.4
6b96,7.84
4gzt,7.77
4xiq,7.07
3ebi,7.1
4deu,5.64
6qr9,6.72
4r06,6.29
2o4l,9.22
6q4g,4.3
2zcq,8.82
5eyr,5.3
5mrb,6.33
2b4l,4.77
3b67,8.85
4ieh,7.85
1z6e,9.72
1aaq,8.4
4l19,6.1
2fqy,6.57
4a6l,8.0
3aid,6.86
4tpw,4.69
3jrx,9.0
4nku,4.67
3t60,6.7
1t7d,6.03
4m0e,6.22
4lko,8.22
6hgi,6.22
1ai7,4.09
6qr0,6.92
5n93,8.66
2xd9,6.46
1yet,5.92
6om8,5.16
3qfz,3.24
5zag,6.97
5d47,7.0
3dln,6.6
1hpv,9.22
4jyc,6.7
2xda,6.22
3fqe,8.3
6mqe,11.29
5f2r,4.28
5nvw,6.77
1j37,8.96
2pgz,5.74
3rsx,4.41
4wiv,6.26
3lpp,6.22
5vyy,6.21
5flq,2.97
4do5,5.83
6mlp,3.7
4gfo,6.62
4zzd,6.6
4bi6,3.95
4riv,7.0
4xar,6.97
2cle,3.55
5w2s,7.33
2j4i,9.0
4cg8,6.96
2zdk,6.37
2i4x,11.72
1nvq,8.25
4ezr,5.2
3t84,6.97
1v2r,3.55
1epo,7.96
2xys,7.42
6i5g,4.89
1add,6.74
3o9i,11.82
3f78,3.1
1kv1,5.94
4bqg,6.22
4u54,2.06
5i80,7.21
1ttm,7.35
3hv8,6.98
5cxa,8.05
1f0t,6.0
5cp5,5.91
4zwz,8.7
2x0y,4.6
6ce6,5.1
6eqp,5.96
1szd,4.54
5mge,4.06
5zyg,5.21
4i5c,8.82
4rlt,4.96
1wc1,4.0
2uz9,5.71
5mro,5.7
4xit,7.27
5n0e,8.44
3f19,7.19
2v2c,3.41
3sue,9.08
1fh7,5.24
5fnc,4.11
5efa,4.83
4w9d,4.99
4v01,8.11
4fm8,5.97
3dcc,8.96
1flr,10.0
5nea,10.3
1fcx,7.19
6e1z,3.82
1kzk,10.39
6t1j,4.74
3gc5,7.26
2e27,9.35
4xtx,10.57
6faa,6.75
4qjx,7.28
3u8n,10.17
6mli,2.43
1f4e,2.96
1jak,5.57
3uzj,5.55
3d1x,8.66
4e67,6.48
6rih,3.98
6n0j,5.37
5ey4,3.12
4hym,8.22
3s0d,7.05
4b2l,3.24
6dy7,4.18
2wnc,6.32
1b6k,8.74
4q08,6.3
5cs6,3.2
1k6t,7.62
1sqt,6.2
6euc,3.77
3ery,5.66
2rfh,6.82
1hsh,9.42
2wec,3.96
1g7q,6.06
6g2c,4.66
1n46,10.52
4y5d,5.92
4qem,7.8
5jhb,6.06
6hax,7.59
3mzc,6.65
4zbi,6.51
1v16,3.87
2xdk,3.6
6gjl,3.86
3kgq,2.3
3gcp,7.82
3t70,6.3
2ydt,5.52
5b2d,4.25
2bpv,7.67
2j47,5.41
4q9o,5.77
4qy3,6.82
3qgy,7.8
2ot1,4.0
3mfw,3.52
3fwv,5.64
1lkl,5.81
4o3c,2.59
2pwr,6.59
4pnu,4.89
1xr9,7.15
2qbp,8.4
2f2h,5.7
5htl,6.3
3ckp,6.35
5n3v,4.34
4m0r,5.21
2xab,9.27
3s5y,7.41
2wyj,9.0
3g2n,4.09
2pyn,7.57
6g35,7.76
5dqf,3.6
4kxn,6.1
4hbm,7.92
4g0q,2.52
3suf,7.56
6fhu,2.64
6dh8,9.84
5cs3,2.15
4kiu,3.85
5fnr,4.23
5jxn,6.41
1i9p,8.41
4bb9,6.0
4pfu,6.17
1hmt,5.79
5j7w,4.89
2cen,8.3
3qbc,4.97
1wvj,6.73
6f92,6.4
1fo0,5.59
3u5j,5.61
5f0f,6.0
5zg0,7.09
2vvv,8.22
2xc0,6.72
4clj,9.15
1hvk,10.96
3djv,4.55
4der,6.31
5wex,7.18
1h23,8.35
6bm6,4.68
1e4h,8.41
4o9v,8.0
1o3f,7.96
3q2j,4.18
3gss,5.82
5bwc,7.21
6gwe,7.38
5g17,6.7
5orv,2.89
2vk6,5.3
4erf,9.4
3t5u,7.59
6mh7,5.74
4fp1,4.57
3m1k,5.39
1ndv,5.92
2wl0,7.8
6n8x,5.7
5g4o,4.43
4bf6,8.35
3k37,8.92
2weh,5.95
4o3f,5.56
4l6t,7.49
1if8,9.64
2zy1,7.4
5vcy,6.57
5tp0,5.44
1kdk,9.05
3tu7,8.09
4k7i,2.82
2zb1,6.32
4hwo,8.54
4b76,4.54
4j21,7.41
3kwa,4.08
5mwh,5.74
5vih,7.49
1qbt,10.62
3ucj,6.0
6nu1,4.51
6hrq,7.09
2idw,8.89
1i5r,8.52
2qd8,9.07
2nta,4.8
4c6u,4.59
6ma5,8.1
3vhk,4.6
1d4k,9.22
5kab,4.68
5g4n,4.0
1i2s,3.31
6s4n,6.79
3f3e,7.7
4b5s,3.49
1qji,4.85
4mhy,6.47
5ty9,5.21
2bqv,8.05
3x00,9.08
4v24,8.37
4w9f,5.49
3hek,8.27
3ozg,9.19
6n79,9.68
3l4v,6.72
4x6p,8.3
1mh5,9.21
2o4z,6.25
5n25,7.78
4tkh,5.74
2ra0,7.8
3td4,5.66
1zs0,6.15
4kx8,7.13
5mgk,4.0
4l50,6.06
4jh0,9.03
6e9a,11.92
5nvv,6.7
6hly,7.33
1x38,8.77
6u6w,5.33
4dsy,4.43
3gr2,2.52
2uy4,4.68
4exs,4.41
4hfp,7.38
3igp,7.02
6fe0,6.48
2q7q,5.3
1yq7,7.09
3st5,11.3
4iva,7.16
1a9q,6.17
4km2,5.84
5wl0,9.17
3mhw,2.3
5g4m,3.86
1onz,5.1
1c5o,3.49
3gdt,7.19
4eor,6.3
3be9,7.62
2zn7,7.89
5f08,5.52
4d3h,6.43
5dpx,4.46
1f0s,7.74
3ebo,4.72
1bxr,3.4
6cvv,4.12
1xap,8.7
3jy0,8.3
4zx3,7.19
4jpx,5.15
5ia5,7.6
5owl,5.92
4fht,6.17
6eeo,6.43
6ckw,9.08
3h30,4.53
3zlr,9.26
5bw4,4.17
5i2f,6.49
1y6r,10.11
2q89,6.3
2py4,6.7
5am6,6.73
1z9g,5.64
1sqo,7.46
3ejr,8.57
1h4w,4.66
4riu,7.3
3uu1,5.2
3fur,8.0
2ans,5.92
1bv7,10.3
3u8j,8.51
2i4w,11.59
5sz0,9.1
6jaq,3.95
5exw,6.82
4q9y,5.68
5dqc,7.34
4g0p,3.01
4l2l,5.7
3zhx,6.68
2wlz,4.6
4mjp,3.88
5nw1,6.6
1n4k,10.05
3d7z,7.92
2ihq,8.49
3juk,4.89
5f1v,6.85
6q60,5.71
3iww,7.96
4qd6,8.64
4jkw,4.16
5tbm,7.31
4f3k,10.16
3kr4,7.6
6h2t,4.82
2wyg,8.7
4cwp,6.77
5laq,9.2
4o0b,8.3
2o4j,10.1
1ws4,3.0
6g34,8.24
5zni,4.39
3vdb,2.52
3el5,7.72
5edl,8.35
3lp4,4.88
6en5,7.94
1zge,7.3
6i0z,4.04
3gvu,8.0
6oqd,9.85
3uxl,5.57
5lvr,3.6
4ef6,2.92
1erb,8.1
1d4j,8.36
6pg7,4.66
2wr8,5.44
6bs3,5.82
2xj2,7.18
3g1d,3.48
5mn1,2.48
3jvr,5.72
5flt,2.89
6nfh,7.15
4q8x,3.57
1nl9,5.96
4qf7,8.6
5otz,5.19
3c89,6.07
6o48,7.12
4lj8,5.82
1bgq,8.57
3nu9,9.05
1vyf,8.05
5m17,3.66
1v0l,7.55
1ql7,5.0
3ni5,7.55
6jav,5.76
4y2q,2.92
3s76,5.05
3pb8,5.24
5m23,8.9
1ypj,7.02
6ey9,5.91
5oh4,4.55
6p8a,3.59
4uoh,4.77
3umq,4.62
6r8w,5.92
1zdp,5.74
4heg,8.92
3dyo,2.3
4ffs,10.44
1msn,9.09
3ip6,6.6
1bty,4.74
5hz8,6.4
4y4j,2.47
3pn4,6.85
4gr8,7.83
5mpk,8.52
3po1,4.02
4dst,2.96
4bc5,4.6
5j7q,4.58
6g98,6.15
6eq7,7.0
1jet,7.25
3c84,7.85
3fl5,7.28
3b25,6.07
5lsg,5.4
1fkb,9.7
6gnr,5.44
6mu3,6.15
2hb1,3.8
3bgc,5.02
4qsv,2.0
6g2o,6.77
4j28,5.7
5i3v,7.8
2bt9,6.19
3g31,2.89
3el9,8.4
3djq,2.98
2pvk,8.3
2avm,5.7
5ct2,2.92
6hzy,3.92
6g9u,6.43
4b9z,4.09
6b5q,8.24
1qxk,5.05
1fh9,6.43
2rk8,3.64
2doo,7.17
4ufl,2.64
3c39,3.96
1u33,4.6
3uew,6.31
3drg,7.0
1m0b,8.82
6n3v,5.61
3ml2,8.05
4m8h,7.6
4w9i,5.96
5e89,7.85
6j72,6.13
3dgo,6.74
4np2,2.26
1zc9,3.22
5irr,5.27
3hvj,8.7
6nwk,7.7
4ksy,8.42
6g14,5.49
5lvd,2.62
6eq5,4.74
1zsf,9.92
6hlx,7.17
5os2,2.74
3po6,7.06
4jyt,7.4
3lk8,7.71
5hva,7.07
3p3g,9.74
3cs7,10.68
6gfz,5.51
4mmp,7.71
3lea,9.1
4dhl,4.48
5hu9,7.62
2iuz,5.55
2qbw,7.25
6e4a,7.36
3r4p,7.96
4o6w,8.52
3ai8,3.81
2bok,6.55
5zo8,8.2
4nl1,3.89
6ekq,5.46
4alx,7.28
1fkf,9.4
3acx,5.7
4e9u,5.82
3f37,2.62
1d3d,9.09
1k6v,6.92
1w5w,8.8
1c70,10.3
2xej,8.87
4z2b,7.76
4und,8.96
6pg4,3.59
4tun,5.41
3rr4,4.55
3ewj,6.84
5j6m,8.57
4w9j,6.23
2r75,6.15
4n9a,4.19
5t8p,5.89
4dsu,2.82
3zt2,2.84
2bz6,7.09
4etz,6.3
3dne,5.22
4qer,7.54
4lrr,5.22
2oxd,6.82
1pb8,5.15
5o9y,5.34
6mkw,4.77
5dh4,7.24
6epa,5.95
5hbn,4.89
6ql1,6.48
6p3t,7.32
5ime,8.34
4mc6,9.59
4kp5,6.08
4muf,6.34
1ydk,5.89
4djp,10.55
2jdu,6.72
4ty7,9.52
4p5z,7.41
2v8w,6.82
3bug,3.18
6mj7,2.82
6csr,6.84
4kzq,6.1
3vfb,9.04
3f7i,7.34
3fvn,6.77
3m35,7.22
4q4r,6.43
5fh8,6.77
4ngn,7.55
3a1e,2.66
6jfk,4.84
1g46,8.8
1o2h,7.17
3rt8,6.35
3c8a,6.18
1yqy,7.62
4xmb,7.36
4gue,5.24
5v0n,7.17
4efs,8.6
4knn,7.78
2ha6,4.32
1qaw,5.12
6d1g,4.47
2zdl,6.4
6hmg,4.94
5g1a,6.57
4up5,2.6
4iue,6.55
1x1z,11.06
3mof,3.07
1n5r,5.66
6h37,8.59
2ya6,5.7
6got,9.4
1o2j,6.92
5oh2,4.24
3wjw,3.87
1uvt,7.64
2zgx,6.74
3b66,8.6
5zae,6.81
3nq3,3.78
1oyq,6.96
4zwx,8.7
1gnm,6.25
3eax,4.92
3egt,8.9
5kr2,8.48
2jkh,8.05
4f3c,11.82
6b1k,6.67
6a87,3.15
4ai5,2.92
4u1b,5.31
5ipj,8.89
2r9w,5.1
1p1n,6.8
6pge,3.62
1ajv,7.72
3gi4,10.8
4ipi,5.32
6qi7,6.46
4jym,5.04
5byi,7.51
2ihj,4.59
5n17,5.32
5ya5,6.72
1sr7,10.1
4ks1,8.82
1b4z,5.23
3bbf,5.28
3a1d,4.12
5u0g,4.58
4wov,7.14
6h34,9.3
6pg9,4.92
4loh,6.96
3ljg,7.73
5wmg,8.21
6d1b,3.91
3ovn,2.55
2gzl,4.82
5en3,6.21
3kmy,4.49
1rbp,6.72
5er2,6.57
3vd4,4.82
2azr,3.64
3v78,5.54
3re4,7.4
3pn1,6.96
4jfm,5.48
3gst,6.72
3cj4,6.51
2uwo,8.7
1fzo,7.89
5y94,6.79
2ya7,3.14
3s0e,6.55
4n6z,7.8
6i17,6.6
2e91,6.59
1njc,5.55
6jay,5.7
1a99,5.7
5ie1,6.85
3r6u,4.52
1gaf,8.0
1nw4,9.07
4e4n,9.05
3pju,4.88
5lz5,6.35
1ai4,2.5
4re4,6.87
3ctt,6.35
3cm2,6.47
3vha,7.4
5y13,5.94
1rql,2.75
5lny,7.38
1m2q,6.1
2q8h,3.0
3mho,6.49
5e8f,8.64
4qtl,6.92
5o1d,4.66
3wz6,5.96
2afw,4.77
1jyq,8.7
4a6c,7.92
5ko1,6.64
4arw,7.13
2yay,6.1
2wm0,4.52
6n5x,4.6
3gy2,5.74
3q6w,7.57
1e1x,5.89
6qqz,6.74
3pfp,6.44
6eux,5.92
1dl7,6.49
3qkd,8.38
5cy9,6.66
3fas,6.77
4q4q,5.79
4ipn,3.39
6n78,9.68
6e23,10.0
3aqt,6.72
4m8y,9.96
3mi3,5.45
2p3c,7.62
2j34,7.82
1sgu,5.37
6idg,6.66
1b5j,7.43
4aje,3.68
2ra6,4.52
3liw,7.6
3oku,6.36
4pf5,5.48
5i8g,7.52
1ela,6.36
4b5t,3.33
4r5t,6.1
4d8z,6.29
5ko5,4.57
3g2y,2.0
1gi1,5.47
1h5v,3.93
5anu,9.4
1pkx,6.92
6eij,5.77
5za8,6.29
1gpk,5.37
5dxt,9.7
3lpi,8.52
1det,4.3
3daz,7.93
6i8t,5.75
3u6i,9.0
3m37,9.04
4knm,8.0
4dkq,6.6
6im4,7.4
4or4,4.57
4oma,4.17
4nra,4.19
5vl2,8.42
1g45,8.64
1d6w,5.96
6d19,6.61
2qwd,4.85
10gs,6.4
2qi7,10.21
3q7q,5.65
5ot9,4.07
4ivb,8.72
4ciw,4.82
4qj0,7.32
3iae,3.89
3a2o,9.08
4oc5,7.07
4jpy,4.43
5ult,10.85
4rfc,8.24
4y59,5.24
5ldp,4.17
3o56,9.1
5chk,5.39
4ddh,3.3
4ibe,4.15
5ftg,6.15
5fe9,4.68
1q8u,5.96
1w96,8.41
3ipq,7.57
4nbk,3.87
2jfz,5.24
4kmz,8.57
2i3i,7.3
1bdq,6.34
3fh7,7.6
4css,8.46
1w5x,8.4
1m2x,4.15
6exi,5.05
2i4d,11.68
1ceb,6.0
1mfa,5.04
6nu5,5.15
2weo,6.93
3f6g,4.72
3e92,8.0
5n31,5.79
3zpu,8.38
6qz5,6.08
5ork,3.63
4elf,8.03
6p87,4.6
4jsz,2.3
3nox,8.66
2jh0,8.7
1hxw,10.82
4o97,8.52
5u0w,4.24
4a4w,7.72
6cfc,3.68
6mm2,5.41
1y1z,3.08
6md6,5.1
5vb5,6.46
6hoq,6.39
4qfn,4.12
4xxh,5.0
6arn,5.19
2pk6,10.89
3qps,5.6
3fv1,9.3
4lbu,6.56
1bp0,5.4
4uof,4.84
5yhe,6.69
4ibi,4.14
6qgf,6.0
3d52,3.28
6dpt,7.11
6mqc,8.28
6rfw,6.5
5a6k,5.95
5ufs,8.49
3rwp,9.22
4bj8,8.29
1z71,9.18
5n24,8.92
4q1x,11.15
5xsr,7.69
6el5,6.88
1siv,8.08
5sz7,9.7
2c1p,5.4
1kuk,3.91
6qqw,4.72
6qlo,5.06
3dp4,7.37
3lmk,5.94
4j93,4.7
1egh,5.7
4cwq,7.06
1met,9.4
6h5x,10.82
1bcu,3.28
5odx,6.71
3fed,7.46
1lyb,11.42
6c0s,7.05
4z93,7.35
4qjw,7.8
4qfo,4.27
3pgu,6.7
3s43,8.6
5kr1,9.49
4b6r,5.85
2ccb,7.45
6nmb,2.7
5hrv,5.29
5hz6,7.8
1amk,4.3
3e5a,8.23
4fs4,6.57
1igj,10.0
3w9k,6.32
3ppr,2.82
6eiq,6.42
1odi,4.21
4rdn,5.92
2z1w,4.08
1ppk,7.66
5nyh,7.73
2qnp,6.41
1d4i,8.85
4ad3,4.62
6p5o,4.54
3jdw,3.6
4ymb,6.21
4azc,5.86
6qlq,4.51
4nj9,6.97
2wzs,3.85
4kz3,2.77
6bbx,6.67
5xva,7.29
3d6p,3.75
6fsy,6.61
3sww,8.4
2c94,6.82
3da9,5.51
1yp9,5.11
1g2o,10.55
4i7k,3.04
2ce9,6.03
1ec0,8.49
4b74,7.66
4x3k,4.56
3ekx,9.41
5o9q,5.21
5dwr,11.22
4xtv,9.27
4uj2,7.1
3ryj,7.8
5e28,7.91
2br1,5.14
6d2o,5.3
5uez,6.01
4f1l,5.12
3alt,2.92
1stc,8.1
4k0y,7.82
4s1g,9.22
6f90,6.0
3a1c,4.0
5zhl,6.72
6nw3,7.66
5oh3,3.87
8cpa,9.15
5nih,6.87
5gof,4.05
1ec3,9.04
1k1l,6.9
5n0d,8.48
1y3v,5.64
4isu,3.68
3ioc,3.68
2xht,5.96
3kek,8.36
5oei,5.8
3pe2,9.76
2x97,5.66
2v54,4.6
4k4j,6.12
3lzu,10.06
6haz,7.0
1koj,6.7
5er1,6.02
5hct,7.6
3b1m,8.48
2byr,8.55
1gyx,2.48
4hzm,4.63
5n18,5.68
1fkh,8.15
6fni,8.22
1ohr,8.7
4gj3,8.85
1x8j,6.96
5z99,6.88
5fhm,5.09
1b9j,5.96
1ado,6.0
2oc2,8.52
3i3b,2.23
2vo5,4.89
6prf,8.6
2qw1,3.9
2gvv,3.9
4ibj,4.33
4hj2,2.53
3aas,4.51
2qe4,7.96
4b34,3.14
3zdg,7.1
3gy3,5.63
1bai,7.7
5eq1,4.68
4ha5,7.24
6hay,7.01
2rke,4.08
5elw,7.85
2zfs,6.54
2cht,5.52
2x6x,3.68
1izh,7.7
5ceq,7.38
2rin,4.0
1o2w,5.85
3ivc,4.12
6g9i,3.93
3qw5,6.45
6gji,3.87
1o38,6.82
5ot8,4.2
3o7u,7.28
4aj4,3.89
6ugz,7.72
5f2p,4.43
1lzq,8.39
3zcl,8.0
6d1j,4.25
3k8o,11.07
2ovy,8.4
3hl5,4.47
4r73,7.64
6fa4,7.29
5njz,7.8
5yj8,3.98
4ceb,2.97
4zb8,6.03
6nv9,8.19
3jzj,3.61
3i9g,8.96
4x6n,8.82
1h0a,5.44
4g4p,6.89
3djp,4.2
2csn,4.41
4y79,7.96
2q6f,5.44
6o5a,6.29
2e7f,6.1
6i13,5.12
5sz6,7.0
5sz1,8.92
5orh,4.39
5ov8,4.74
6arm,4.97
6n3y,5.44
3pww,7.32
2qwe,7.48
5u8c,7.53
4rr6,6.0
3oyw,4.11
2vpn,6.72
3n1c,5.22
2xbp,5.02
6eqv,6.62
3iw5,6.08
1h1s,8.22
4dzy,5.62
3i73,5.49
2pow,7.2
4rd6,6.28
1fao,7.37
4ogj,6.79
3tao,5.14
3i60,8.7
1ew9,3.22
5y8y,7.09
3g34,2.96
3cda,7.58
2q64,8.52
2r38,7.44
5btx,3.55
6poi,3.49
3ljz,8.14
3n3g,7.24
4i8z,11.05
2oxn,7.44
4de5,3.15
6oqc,10.4
6d55,7.36
4mr3,5.94
5znc,7.52
3w37,5.18
3n2v,7.51
1bnw,9.08
6jdl,4.89
6u8o,6.54
2wky,8.59
3t2w,7.46
5fot,3.17
1fv0,5.93
1nt1,8.89
3bgb,6.05
5ewy,4.3
2fqt,6.14
1lgt,6.1
5d21,8.38
3cfn,5.0
5vc3,7.11
4lzs,4.8
3hll,8.24
4zcs,4.33
4wn5,7.41
1qhc,7.57
6r18,4.92
5ivc,5.92
2w8y,9.09
5nw7,5.77
4oc2,8.28
3f3a,4.19
1lrh,6.82
6dyn,3.19
3spf,3.86
3r4n,6.89
3ckz,8.72
5jsg,4.85
2xb8,7.59
4y3y,2.35
4wkp,9.55
5dx4,6.86
2qnq,6.11
5ia4,7.28
4lm3,2.92
1m83,3.4
6cpa,11.52
5uc4,6.46
4cwr,8.3
3ccw,7.87
3hzk,6.7
5g57,8.4
3b4p,5.4
2wyf,4.43
2ylc,7.89
1dhj,6.55
2bvs,4.1
2arm,7.68
4o04,6.16
1hvi,10.92
4b7j,7.95
4loi,6.77
4gzw,4.52
4cc5,4.42
4lkk,5.92
5om7,5.74
3f6e,2.38
4pox,5.43
4abb,4.51
4cfl,5.88
5acy,8.19
5kat,4.1
3npc,8.34
3b3w,4.19
2ri9,3.22
2nmx,5.57
4or6,5.31
1v2t,4.71
4yxi,6.5
4cps,8.27
1e66,9.89
5ef7,9.0
1o0h,5.92
6qge,5.68
6e6m,5.75
4gq4,7.66
2qtn,3.42
3g30,2.51
6csp,8.52
4pop,8.13
6oe1,8.51
4mo8,8.0
4pmm,7.57
4lm1,3.23
6fo5,6.72
2v2v,4.07
5a2i,5.06
4omk,4.4
6mlj,7.26
1fkg,8.0
1fch,7.15
5ivv,6.35
2xbw,8.0
3ru1,4.85
5mmg,6.01
1xkk,8.52
5azf,4.44
4pv5,6.54
3ddg,6.0
1f8d,3.4
4hla,10.8
1c5s,6.0
6ios,4.1
5epl,7.03
5cqt,6.91
6ei5,7.42
2e2r,8.26
3dk1,9.74
1dmp,9.55
1t4v,7.68
3kiv,4.7
5h5f,4.43
3zdh,7.35
6chp,10.12
4arb,5.89
3bgs,9.42
5i29,7.82
1yc1,6.17
2std,9.85
2q88,5.8
1g3e,5.38
4z1k,8.33
1dif,10.66
5u0y,6.08
6g29,4.33
5zg1,7.72
2a4m,4.52
4few,5.21
4eoh,4.3
6no9,10.52
4kfq,8.23
6s57,5.1
2zfp,5.17
4u8w,11.24
5nxo,8.31
4dld,5.82
4kni,7.78
6qqv,4.92
4kn1,6.84
3iof,5.22
3f3d,7.16
4o2b,5.74
3qt6,5.37
1rpj,6.48
5wgp,5.62
3r24,5.25
2jg0,7.82
4ej8,5.39
5dey,8.43
4j45,5.77
6d5e,6.85
3i4b,8.15
4z84,5.82
1ksn,9.4
4m8e,7.89
6gjr,3.74
3gbb,6.9
3o5x,5.28
6o5t,6.5
2rkd,2.72
6qi4,4.37
1p1o,5.76
5upf,8.6
2xj7,6.66
1f8c,7.4
3ekr,7.52
1w4q,5.26
4k0o,3.0
3hf8,6.51
6b4d,6.11
4qyy,7.3
5i9z,8.05
5j9x,7.77
5ota,5.74
2r58,2.0
3wmc,6.51
2aod,5.66
2tpi,4.31
1c4u,10.37
1i37,9.57
3zv7,5.92
4u0w,3.0
3cke,6.1
6fuj,4.3
1u1w,5.85
1yds,5.92
6ql2,7.77
3aaq,3.3
6h38,8.11
1xpz,7.08
3m8u,4.89
4tkj,6.04
1g7f,5.47
6czc,4.78
4ge1,6.43
2p4y,9.0
6eln,6.05
5ekm,6.32
3gt9,3.96
4b33,3.37
4kyk,4.74
5ihh,6.41
1w9u,6.09
5e1s,7.92
6mdu,4.25
2weg,6.5
4bak,8.91
6b59,8.09
4q90,2.15
5js3,6.73
2rcn,6.0
4rpo,7.64
1tcx,6.95
3v5t,8.22
1ctt,4.52
4q7p,4.32
4tt2,4.66
2gh9,6.0
4m2w,7.28
1njd,5.57
5zw6,8.0
5nkc,7.72
1zp8,8.77
3k99,7.22
5d3x,6.36
5vd2,7.1
4qnb,6.59
4ipj,4.87
2qi5,10.85
3sut,7.85
3cd5,7.9
4u73,5.18
5zg3,7.21
4lar,4.68
3g19,6.67
4pvy,6.71
5cas,8.85
6b4l,6.47
4bcm,6.91
1f57,5.64
4kwf,4.82
3kdb,9.85
1w13,8.7
3lgs,4.61
4q93,4.65
4c1t,7.15
4nuc,6.04
1v2w,4.01
5etb,4.54
6cdj,11.7
5flo,3.15
1no6,4.41
3cow,6.9
5e2s,9.01
1px4,3.23
1g1d,9.44
6pve,7.37
1vfn,5.6
1uwu,5.98
1k1m,7.4
5os4,2.78
4c2v,9.0
2pwg,4.82
5jop,9.41
6rtw,6.43
4n9c,3.9
5oss,4.55
2xyt,6.29
1b0h,6.7
2xib,7.26
4ht2,6.54
1pzi,4.22
6b97,6.63
2rio,4.69
5kr0,9.15
6e22,8.89
3ta1,3.25
6cvf,6.35
1c84,5.0
6g5l,7.62
4kow,4.31
1t32,7.42
1jvu,5.15
5eqe,3.88
3iub,4.54
1u0g,6.15
4msa,3.3
4g8m,7.89
1sdt,9.27
1ft7,5.18
2vb8,4.6
5ave,5.44
4av4,7.03
3gta,4.28
4efk,2.49
2h6t,7.22
5eh8,3.1
6gjj,3.7
3mhc,7.96
3ebp,5.91
4phu,7.92
2y5g,6.84
2aog,6.28
2j7b,6.62
1lyx,4.54
4bam,8.94
1lcp,6.64
3bxh,4.03
4m2r,8.49
4ajl,3.8
4jfk,6.44
4nnr,7.26
1td7,4.37
2y5h,5.79
3u93,6.31
6ep4,5.35
1yqj,8.14
6t1i,5.26
4q09,8.17
3oe4,7.47
1ciz,7.44
6k04,8.04
6dyy,10.55
1k6p,7.36
7upj,8.49
3q6z,3.72
6mnv,3.37
4bao,8.37
5cjf,9.59
4agq,5.01
2ez7,4.36
2cf8,8.1
3ime,3.0
6dh7,9.88
4ghi,7.09
1pyn,5.49
6g3v,6.04
1ajn,2.63
1g98,5.7
2p2a,6.12
1z1h,8.4
5nzf,4.03
3l59,3.7
1qbn,5.85
5qqp,8.28
4f9u,6.03
5exl,8.43
1yda,6.55
6qgg,6.3
2y5f,8.7
3su0,6.79
3gvb,2.59
3t3u,8.6
3cct,7.56
3vvy,4.84
2p15,10.3
2f8g,8.7
5epn,8.66
2h15,5.67
4jwk,8.32
5vgy,4.18
5ula,7.11
1afl,6.28
1swg,7.36
4k3h,6.85
3nu5,8.35
2fzk,3.6
2fqo,6.43
4u43,4.32
3s54,9.64
3pcj,7.22
4m3p,5.4
5nkh,7.59
5mrm,5.03
3su5,5.58
2b07,6.43
2bak,7.43
3pcn,3.66
4hf4,8.62
4b7r,9.64
1wm1,6.3
3fv3,9.52
2we3,4.43
1ndy,6.17
3u10,5.44
3v2n,6.1
2glp,5.01
2wed,6.1
5o58,6.72
5fs5,6.69
3zln,8.47
1f4f,4.62
3ejp,8.55
6dyw,10.44
1ghy,8.1
5j1x,5.52
4h85,5.15
3m36,9.82
5ewk,4.85
1o5r,8.12
1a4r,6.66
4aba,3.82
3b24,4.38
6i14,5.82
4iuo,3.64
3gcu,6.78
6maj,7.47
1bhx,6.84
5ja0,5.22
4ih7,5.24
3wvm,5.71
3ies,9.92
6ced,5.82
5txy,5.46
4iic,4.85
3fvk,8.82
1ppm,5.8
3lq2,5.22
6g2m,7.82
1pxo,8.7
6ajv,5.04
4g5f,3.05
1utn,3.49
6hhr,7.01
6j9w,5.13
4baq,9.01
4cp5,3.34
4ou3,4.41
5j64,6.85
4aci,2.22
1m7y,10.96
4mhz,6.87
2bal,6.31
4gkm,5.17
6ooy,4.66
4q83,4.19
2cer,9.22
3qxt,5.22
1jmg,6.07
3vhc,8.89
1dud,4.82
5e73,4.64
5edb,7.0
5lne,4.76
6rfn,6.7
1fzm,7.7
1phw,3.3
6j7e,5.04
6iou,3.73
6fnj,6.85
2hu6,3.81
4kwo,6.45
4jne,5.86
6sbt,6.78
3s0b,6.49
5egm,8.62
4zx1,6.14
4ly1,7.26
5ma7,3.47
3arv,5.64
1dar,4.96
3nex,6.0
5a6x,6.69
6ej3,5.93
5nwi,6.16
2z4o,9.57
5tmn,8.04
1v2n,5.9
2pvh,6.59
6hk3,7.5
6mxc,5.56
2tmn,5.89
5nxw,7.24
5ito,4.16
3kku,5.7
2vba,4.6
5wa9,6.76
4ovf,4.13
5ive,7.57
1ql9,5.35
6gjm,3.58
5fe6,2.16
1i7z,6.4
4g8n,7.2
3u9q,4.38
5tuz,7.4
1vzq,7.44
6r0v,4.96
2d1o,7.7
1qb6,6.06
5mek,5.38
2j2u,7.33
5dw2,5.84
3hkw,8.64
6ayr,8.39
4ysl,5.8
3l3l,7.48
5km9,4.25
5vcv,6.82
1o0m,5.15
1a28,8.29
2yel,7.28
1zpa,8.4
4idn,5.24
3rtf,7.35
4m8x,10.2
2gvj,9.52
1bxo,10.0
3d6o,4.11
4pg9,7.8
3bqc,5.73
1z95,7.12
5o9p,5.09
5d3l,6.06
5nw0,6.52
4z1e,8.24
4fxp,4.09
1xt8,6.85
5lz7,6.28
3p4v,5.1
6cjs,9.7
3zqe,4.23
2a14,5.7
1nja,6.31
1b58,6.59
2pyy,4.6
3aau,5.05
3d0e,8.4
5exn,7.64
6css,7.6
3fx6,6.8
4gql,9.59
4ibk,4.3
3ttp,9.12
4w9o,7.77
1xq0,6.34
3vf5,9.34
4p6w,9.15
1rjk,10.0
4emf,7.08
6q3y,7.27
5za9,6.74
1txr,7.74
5ehv,3.08
6jap,4.8
2wuf,4.29
5gja,5.55
6ixd,9.8
6pvw,6.32
3n2p,7.82
6ic2,6.04
4djv,6.72
6ift,4.68
3p8n,9.28
3c88,6.8
4gid,10.77
2i0a,11.4
6eyt,5.72
1wur,6.66
4ygf,7.68
1hms,6.37
2v3d,3.94
6q3z,7.36
1xhy,6.18
6dpz,3.59
2fxu,8.15
4c52,5.68
5zdb,5.75
2x7t,6.63
6edr,4.55
3u5l,6.19
5i1q,7.92
4asd,9.28
2q2a,7.41
1wdn,6.3
1g30,6.85
1nz7,7.12
5n2z,5.31
4xtz,9.82
4e0x,7.12
1t31,8.64
1lhu,8.83
3l3m,8.22
3hub,8.09
4b0b,3.33
5c1m,10.8
4omj,5.26
4n07,6.46
6fcj,7.15
3f1a,7.21
2nn7,6.52
1mrn,4.52
5n1r,7.95
4g8y,4.59
4az6,9.1
3p9m,5.0
5j0d,6.87
5k8s,8.22
1yc4,6.55
4i54,6.96
5fyx,4.16
3l4y,7.0
4ahs,2.19
1a9m,6.92
2fw6,2.92
4epy,3.47
6i8y,6.74
5ovr,4.57
1g4o,8.25
4aoi,8.4
3wtn,7.04
3su4,6.26
4w52,3.76
4r5b,6.73
3zyf,4.85
2c80,5.33
1e6q,3.15
1bxq,7.38
2gss,4.94
5duw,3.29
1elb,7.15
4lj5,6.29
5vp9,8.99
2zcs,8.22
1m5w,4.27
4qfp,4.23
2clh,4.06
5wal,8.77
1b3f,6.89
6mj4,7.72
1h2k,2.92
5ovx,4.5
6std,8.64
6c9s,7.32
5cap,7.28
4ruz,7.64
5o1h,4.85
5ti0,4.21
6gon,5.67
5k03,4.74
4oag,6.3
3tza,5.5
6r11,4.92
1nvs,7.82
1c5n,4.7
6fhk,7.51
3ozt,4.13
5dit,6.15
6j3o,5.62
1g32,6.11
6m8q,6.43
3qtv,4.65
6exs,3.44
3rlp,7.08
4bco,6.88
5vd3,5.55
2xp7,5.77
5zkc,8.19
1nwl,2.39
2zym,6.14
2zdn,6.25
3sw8,4.5
3gy4,5.1
4k7n,3.48
5cau,8.8
3f18,7.4
2ypo,4.68
4i8n,4.46
3q44,6.31
5kz0,7.66
2qhy,7.48
3pck,6.7
6ggb,5.39
6oqb,10.3
3tmk,6.87
3zbx,8.22
6i12,5.57
2web,5.12
2qi0,7.38
3r1v,6.92
1k1j,7.55
4zv2,2.93
2fzg,3.38
3p3r,7.25
4poj,8.1
2pou,7.42
6gvz,6.4
4crb,7.57
4mrg,2.96
2v00,3.66
3ivx,5.74
3ppm,9.54
3i7e,10.85
3d8z,3.37
3gk1,4.1
6ndl,7.19
2vpo,5.42
4ykk,2.77
4zip,9.68
3cj5,6.34
3axz,3.43
5uff,4.24
4cr9,4.1
5n0f,6.05
5oq8,5.85
4u4s,2.92
2p7g,6.53
3myq,7.52
5xvg,8.05
2qwf,5.67
3rf4,6.25
2w26,9.4
1lst,7.85
1jn4,4.95
1ec1,8.92
4b8y,8.05
1bn4,9.31
5izj,11.52
1hxb,9.92
5mby,3.51
3prs,7.82
5we9,7.22
6dif,10.72
2zx6,10.6
1oif,7.72
2q54,9.01
2qi3,10.2
6elo,6.29
1ogx,6.09
4h3j,7.05
6q54,6.49
4kif,4.84
1v1m,3.94
2nt7,6.52
5n6s,8.09
3drf,7.0
6g2b,3.8
3n0n,7.3
1sw2,7.22
4ag8,8.96
1tkb,8.0
5gmh,6.31
5fdi,7.73
1azm,6.1
4yk0,3.74
1ajp,2.23
3p5l,7.39
3qx9,4.05
5jgq,4.62
5hz9,7.03
6n0k,5.07
4o09,7.7
4gqq,2.89
4cpt,7.7
5sym,6.55
2vfk,3.71
5jfu,8.07
4q1y,10.35
5ogb,7.47
5j8z,8.3
4zba,5.51
4db7,6.56
4j48,5.62
2xei,10.62
5os7,3.69
3ccz,7.29
1p19,4.11
3qxv,8.4
2yi7,8.32
5zaf,6.78
3fzn,4.01
1b05,7.12
6d1d,4.47
5fog,3.67
4bcn,7.92
5m7u,8.1
3ibl,7.84
1ydb,8.24
6ckr,7.3
2aj8,6.2
2al5,8.4
2qbu,6.19
5g45,3.3
1bzy,8.34
4xt2,7.15
1mrs,3.96
1ndz,8.11
2r2w,4.47
1qxl,7.96
5d3n,5.04
4zls,9.09
6eol,7.43
1x39,9.22
3ewc,7.7
4azb,7.24
6h2z,9.3
4q6d,7.36
6g25,3.52
1jev,6.89
5n2t,5.08
4ara,6.05
5kqx,8.44
5mnn,3.84
1ajx,7.91
5hcv,8.7
4b7p,9.46
4rn4,6.94
4g0z,2.21
3cyx,8.0
3v2q,6.29
6t1n,5.46
2hb3,11.35
6d1h,3.72
4xaq,7.14
6qpl,7.04
5vd1,6.0
4bck,8.4
6d16,5.08
6n3x,5.09
5h8g,10.32
5w44,6.44
5jsj,5.4
5fnf,3.15
3sjf,7.64
3m5e,7.37
1xws,8.0
3jyr,5.54
5dgw,11.05
2xjx,9.15
4ufi,6.2
3f48,6.29
6olx,5.38
5vd0,6.49
3ffp,7.14
3n7o,7.14
5ad1,7.24
6pvv,5.85
1ppi,5.01
1g74,6.52
1i9n,8.66
2v77,5.06
2w5g,6.07
3pb9,6.58
1xh5,5.47
2wos,3.9
1xh4,7.47
3fee,6.64
3s71,8.64
1ws1,9.55
5oa2,5.01
4kyh,5.92
1ghv,4.35
1q91,4.15
4ei4,8.74
3dc3,8.31
4y8x,8.43
1hmr,6.55
5fcz,4.2
6hgf,5.02
3n35,3.37
4m13,6.7
4eb8,9.82
6fs1,7.01
2ygf,5.09
4zw6,5.72
3fat,7.64
5ahw,5.17
5m04,6.34
5mwp,7.5
6fng,7.14
3eko,6.7
3bex,5.57
4ymq,5.8
4umb,4.0
5drr,11.46
1yvm,6.4
3qto,4.13
2vk2,6.89
5uf0,3.8
4zei,5.88
3gba,9.07
1v1j,4.82
1igb,6.4
6j0g,5.64
3oim,6.74
4yo8,10.52
2wgj,8.7
1mmr,5.4
5yfs,4.86
2yme,7.66
1hfs,8.7
3vw2,4.75
1jeu,6.82
5nn5,5.47
6g5u,6.4
1nli,3.59
5ehq,10.48
3zsq,4.96
5a7b,3.57
5c1w,5.06
5l30,9.14
2afx,5.15
1o36,5.96
3le9,8.22
2hl4,7.64
6qe5,5.12
4rsk,4.32
4llj,3.42
3c52,7.3
4cpr,7.46
6d9x,3.49
4ovh,4.85
4j44,5.73
5v7a,6.38
6udt,10.0
4rd0,6.62
4qf8,7.51
2gsu,3.59
4fev,5.42
1gnn,5.68
5e2r,7.06
5vh0,4.52
1zoh,7.0
1ps3,2.28
4del,7.68
3ove,6.57
1x8d,2.21
1zhy,6.52
4in9,4.97
2hs1,8.48
2bmk,5.62
1q1g,8.57
5u6j,7.64
4wa9,8.42
3cyw,7.77
1qb1,6.77
3zsx,3.28
6md8,2.38
5nwe,4.88
1z4o,4.52
1hpx,11.26
6c7w,5.47
6dgr,4.91
5fsn,5.77
6t1m,5.21
1grp,3.72
1k1o,6.17
4bup,4.95
2bet,2.77
184l,4.72
6ht1,7.11
1qan,4.48
3p9l,5.3
2uy5,5.49
1x8t,7.8
3i4y,7.05
4u5o,2.42
4cd4,6.58
3i25,8.51
4bcs,6.99
4ht0,8.0
6qmk,7.46
1c3x,3.68
1eoc,6.05
3mss,4.66
6ezq,4.66
5d0c,5.63
3o9e,11.3
4ufk,3.89
4luz,4.7
3o99,10.82
4tz2,3.46
3n9r,7.15
4q4o,7.46
4x6m,8.24
5hvt,7.26
6ugr,6.27
1bnn,10.0
3b3x,3.6
1pz5,5.4
1jcx,5.15
1ro6,6.46
3jzh,3.4
2hhn,7.49
3kgu,5.92
5oku,6.26
6jdi,5.11
3mhl,7.25
4mc1,7.85
5jy3,7.92
4b32,3.34
5x62,6.42
2qg2,5.4
4a4q,9.4
3mna,7.39
1g7g,6.6
2pbw,8.25
6iht,5.21
6nfy,7.8
4lzr,4.7
1b6j,7.92
4q4s,6.95
4iif,5.18
5jsq,4.67
4ish,8.72
1dy4,4.36
4h3g,8.22
1b4h,5.46
3t2q,3.66
5zc5,7.06
1okl,6.03
2r1y,4.51
2cex,4.7
3old,5.9
2zxg,8.82
1od8,5.1
5iwg,6.46
1w4p,4.74
3q1x,5.33
6md0,5.9
4mre,2.19
4q7w,2.64
6s4t,7.95
1nfw,8.96
3ms9,5.22
6h77,7.33
4twp,10.0
3d6q,3.76
3s9e,5.13
5egu,5.85
3sha,5.59
1syi,5.44
1z6s,4.34
5mme,5.85
1pgp,5.7
5jq5,5.63
1aj7,3.87
6g2r,9.46
2xb7,9.19
1nhu,5.66
3f33,3.34
1ez9,5.1
2b1i,6.82
3aho,7.05
5o9o,4.89
2pvm,6.44
2f34,6.89
4x5y,8.03
2gl0,4.82
1nc3,5.0
2mas,7.52
6qmj,7.36
6glb,6.89
3dri,4.42
4xy8,6.4
2cli,4.3
4xu0,9.11
4llk,3.0
4czs,5.0
6e5t,6.55
3o4k,7.62
3cd0,7.57
6ny0,5.4
1bnq,9.49
5aoi,3.03
6f1n,6.26
1b40,7.28
3r88,4.82
2yfa,5.07
3w5n,3.87
1qbs,9.47
6quv,3.0
1hih,8.05
3f5l,3.72
1ogz,5.85
6h8s,4.42
3ug2,8.25
1hi4,4.49
1cny,7.85
5u12,5.07
3l7b,2.4
5m5d,3.95
5n99,4.21
2pq9,8.11
1o5a,6.42
4mq6,6.47
5ose,3.17
5ewa,4.82
1b5h,6.01
4io2,6.7
4gbd,11.32
6bhv,5.23
5d6j,4.44
3gnw,9.1
1tsy,4.96
4pvx,6.76
3ekv,9.41
1gno,7.7
6cks,7.82
2wq5,3.74
6jag,4.5
4k55,5.51
1m4h,9.52
4mo4,4.22
2uxi,7.3
4r4i,6.27
4yha,6.65
4xmr,4.07
4eo8,8.15
4bny,7.1
3p3t,7.24
1kug,3.8
4zek,5.66
2fvd,8.52
4fl1,3.28
3sfg,6.06
3cl0,7.07
5fsc,2.36
2qwb,2.74
4cwt,6.75
2zx7,10.49
3ahn,7.05
6ghh,6.71
6dl2,7.48
1h2t,7.89
4u5s,2.41
5c2o,4.55
6hza,9.3
3lvw,2.67
3gs6,6.59
5f63,7.92
6htg,7.17
188l,3.33
4pft,8.64
1sld,6.57
3t82,7.0
4np3,3.3
3d0b,6.54
2bo4,4.61
5u0z,6.19
2jh6,7.77
1e1v,4.92
1lbf,7.85
1gpn,6.48
5meh,6.32
3pwd,6.66
1msm,10.48
5edc,7.66
1uwf,6.82
6r9u,2.12
4lch,10.62
4f39,5.7
2jxr,7.05
3syr,5.1
3ml5,8.52
3rv4,2.3
3pgl,5.3
5l9o,5.4
3djx,2.81
1v48,7.8
6of5,5.35
3m3c,4.06
1a4w,5.92
6jon,4.88
2xj1,7.55
3p58,7.6
4m2u,8.04
3kqr,4.43
5oh7,4.37
3vbd,8.07
3str,8.4
2qrk,4.26
4qlk,3.24
3ijh,4.0
4kax,4.77
4trc,4.52
1ony,6.77
5czm,8.32
4djy,8.27
3n86,5.64
1ppl,8.55
1ocq,5.19
5mrp,5.52
4ab9,3.33
3r7o,8.36
1hlk,5.0
4zme,4.3
6ayo,8.29
1b38,6.6
5yum,3.65
6otg,7.5
4tkb,5.59
1fm9,9.0
1pph,5.92
4fm7,7.24
2wzf,7.0
2vwl,7.02
4ibb,3.57
3bkk,6.08
1trd,5.4
4x5p,8.21
5eu1,7.81
3p5o,7.26
1rpf,3.99
2fzc,2.7
1gfy,5.08
4km0,6.04
3hkn,5.35
4cu7,7.59
4ndu,2.74
2wca,5.6
6g38,6.62
5neb,7.77
3pcf,6.05
5oht,6.02
4r0a,4.26
4i9h,7.17
5lwd,6.24
5j20,9.14
5d3j,5.24
1p1q,4.89
5aba,2.98
4gah,6.1
2hoc,9.52
1kel,7.28
2whp,4.0
2ole,7.25
4yzu,5.05
6pvz,3.47
4cp7,8.11
1s19,9.51
3v51,8.55
4de3,5.52
4qew,7.07
3fhb,5.7
2zc9,6.74
2avq,4.39
4pb2,4.8
3kgp,2.57
2wn9,8.52
3d1y,8.22
3zyu,7.0
5f61,7.46
4m12,6.05
5afv,5.59
1elc,6.66
3gc4,7.6
2v7a,8.3
2qnn,7.15
6q4e,3.46
6pg8,3.85
6plf,6.67
4pp0,4.4
1gx8,6.37
4loy,8.09
5om2,4.06
5cqu,6.54
4oct,5.05
4egk,7.72
3e6y,5.6
4c1u,7.09
3jrs,4.28
3ldq,5.36
3kr8,8.1
1rp7,8.52
3suu,8.52
1d4p,6.3
1ejn,5.62
1cet,2.89
2yhw,5.6
4g0y,2.3
6bdy,5.69
4bs0,5.7
6qau,7.48
1kui,3.77
3s2v,6.8
3ocp,7.57
1r1h,8.92
3tfp,6.47
4djw,6.28
3i5z,8.7
6t1l,4.77
1c83,4.85
5eis,5.74
4pp3,7.82
4rj8,7.77
6mlg,5.05
6g24,2.77
2xde,5.47
4x5r,7.85
1g2l,7.24
2uxz,8.48
4hpi,4.85
6czf,5.8
3own,7.47
1qkt,9.04
6qlt,4.04
4e1k,6.3
4og4,6.02
3ryy,7.42
4e5w,7.66
5jt9,6.63
1c5y,4.2
3acl,6.22
6hh3,6.24
3bxf,5.54
2qrl,4.0
3nyd,3.48
5j86,8.26
5cst,6.96
3ubd,5.54
3bzf,4.52
3uex,6.92
5hcy,8.92
4rpn,6.96
6o5g,5.7
4emr,7.49
3b7r,7.7
6csq,6.39
4kxb,4.12
4whs,4.12
4ca7,7.36
5jgi,4.3
4qb3,5.47
4xty,9.21
3qx5,4.2
1k22,8.4
6dak,5.14
3ozr,5.15
5nk9,6.14
5nki,7.72
3gsm,6.48
6d56,8.05
5twj,5.25
3hs4,8.0
3rz0,7.55
3ppq,4.55
1ie9,10.19
3evd,6.91
2vnp,9.92
4omc,10.78
1g2k,7.96
5csp,4.24
3v3q,6.6
3mam,4.12
3o9a,10.7
4np9,5.03
4cga,6.4
4btk,6.62
1f3e,6.7
6faf,6.51
3e5u,5.85
1fcy,8.52
1o3l,6.54
1bv9,9.96
6iez,6.52
3o84,7.24
6i18,4.07
4h75,6.6
1drk,6.82
6hm1,6.04
5ei3,4.25
4xu2,9.23
1pb9,3.62
1f8e,4.82
4crf,9.3
6dys,4.25
4wrb,6.19
3uz5,7.22
6e7t,6.89
2wnj,6.48
5jss,6.45
4ewn,6.7
3kdm,7.0
3b7j,5.17
2ewa,7.94
3p8o,8.72
6i64,7.31
2wb5,9.13
5exm,8.2
1lah,7.52
6d17,4.82
6f9g,5.7
4wkn,9.72
2c92,5.68
6pg5,4.96
4zw5,4.43
3rv8,4.92
5wbo,4.21
5os8,3.98
2epn,7.22
1oss,4.79
4jx9,8.62
5evk,4.92
4o9w,7.16
4djo,11.52
3d4z,4.89
3pd9,6.22
5gs9,5.26
4f09,6.7
5jxq,8.15
3agl,7.8
1jsv,5.7
6d1k,3.13
4e6q,8.36
1c5x,6.68
1o2z,6.11
6czb,4.33
5n1s,7.99
1yei,7.46
3ao4,2.07
3h89,7.64
6r1b,5.44
5nbw,8.59
2nn1,5.82
1g7v,6.4
5n3y,5.03
2xmy,9.96
4aq6,4.8
3nzk,9.27
5mjn,8.54
4nh7,8.4
5e7n,6.09
2p3a,7.96
6q3q,4.45
1np0,3.57
5ayt,6.77
3bft,6.49
1pfu,2.72
5g46,2.6
5fnu,8.89
5uov,10.6
3ueu,5.24
4ngm,10.35
4h42,3.47
2fqx,7.15
1ui0,7.06
4zv1,5.24
6c7q,9.15
5mg2,7.77
2pvu,6.31
6dgl,5.52
6qr3,6.44
4jn2,11.68
2o4r,9.4
2hmu,7.7
4fys,4.82
1jmf,5.77
6msy,7.0
2pvl,7.62
3kyq,4.22
4muv,5.76
6gnp,4.55
2e9u,8.1
6ebe,6.7
2vrj,6.3
1n3i,8.89
2amt,4.44
1v11,3.98
4lxz,6.74
4u5n,2.48
4o0a,6.72
5nk6,6.8
2rkm,3.9
5ost,4.56
4iid,5.62
1atr,6.96
5ny3,7.47
5fnd,3.49
1a69,5.3
6i62,6.8
1eby,9.7
2boj,5.77
6p88,4.52
4rlw,4.87
1dzk,6.1
6guh,7.59
2x91,6.74
4ew2,6.68
1uwt,5.97
1ebz,9.4
2jh5,6.44
5a5q,4.68
4o07,7.38
5dqe,3.63
6j1l,6.42
1jao,5.92
5w1e,5.24
6mla,4.38
3kdd,8.46
6d18,5.85
4knj,7.95
3hmo,7.52
6equ,6.38
4msn,4.03
6gdy,5.46
2qwc,3.55
1pdz,3.7
4zzx,6.9
2i6b,7.17
5hz5,7.07
5l4m,5.34
5y12,6.23
2xdx,6.46
4z0q,8.17
1uw6,7.34
4eky,3.52
3hvi,8.3
1oyt,7.24
3dx4,7.12
3acw,4.76
2ymd,3.16
4hwp,7.76
6p84,4.81
5ymx,6.92
4zw8,5.96
1kc7,5.52
5mod,3.52
1b5i,7.05
3ddf,4.66
2bza,2.8
4m2v,7.44
2ya8,5.75
6g7a,6.78
3ekp,8.89
4ymg,4.68
3d1z,8.8
3muz,3.46
1mjj,8.74
5t9w,5.59
4o05,7.43
6i63,7.01
2hzy,7.39
1qf2,5.92
2avs,7.57
4oak,4.22
5l8a,4.91
4x8o,6.6
1c5c,6.96
1alw,6.52
1syh,6.41
2o4k,10.46
1nje,3.8
3ip9,5.62
2xg9,4.15
1b8o,10.64
5kbe,6.34
5fhn,5.9
6pi5,6.96
1q84,11.05
4dq2,7.52
3cdb,7.02
6hpw,6.09
6jb0,7.24
5org,8.4
3bu1,8.15
3fuc,9.72
6g39,8.34
4abh,4.15
4mc9,9.44
2wbg,4.45
2vwm,7.03
1b7h,8.02
4kz7,2.49
3gqz,2.17
5d26,6.09
1wn6,4.68
5igm,7.38
1lag,6.3
2vh6,9.7
5dlx,5.7
4x8u,2.46
6d5g,6.6
4uac,6.54
1rnt,5.19
2v58,9.09
5n1z,8.19
5h1v,4.0
1o3j,6.77
1f5k,3.74
3qdd,8.77
5o4f,6.68
4io5,5.03
4qpd,7.82
6dq4,4.92
2xbv,8.43
1fhd,6.82
2xc4,8.05
5za7,5.87
3p7i,7.7
4bf1,8.62
4j7e,4.85
5nn6,5.52
2w8j,2.96
2b9a,8.05
6j3p,6.98
6f05,4.47
6p85,4.99
1m0o,2.31
2fx6,3.7
4en4,5.52
5vcz,6.35
4x50,7.75
6qlp,5.28
4q99,6.28
4i8x,2.64
6guk,6.15
5oha,4.89
3c2o,3.35
2cbu,5.68
3nu6,9.3
3k4d,5.11
6d1a,4.35
4mpn,6.62
2ax9,9.52
1gar,10.0
1gvx,7.22
2ces,7.25
2zz1,4.54
1oxr,5.19
1df8,9.7
4abe,3.4
5d45,6.92
3fql,7.15
2a5s,6.7
1mq5,9.0
3n8k,4.05
4ymx,7.1
3zc5,7.13
3ioe,3.27
3k00,5.77
1aid,4.82
4ty6,7.52
1o0f,5.3
5ulp,4.61
3fvh,6.35
4q6e,6.18
1u1b,7.8
4zw7,4.72
1b57,8.0
4oc3,8.28
3djo,4.39
3hkq,5.34
3ljo,6.62
2jew,6.69
6i61,6.24
5fl5,8.19
1qf1,7.32
1y3p,4.82
1lkk,6.85
3zso,5.12
5j27,6.74
4itp,7.27
2buv,4.0
3zdv,5.48
3pyy,6.86
1eld,6.7
6d78,8.74
3wzn,7.0
2vmf,5.85
5u0e,5.11
2vwo,7.51
1j36,7.74
3udh,2.85
2v2h,3.77
1xow,9.28
6pu3,5.23
1j17,5.22
2r0z,5.47
6qrc,4.89
2wly,6.6
3zm9,7.42
2fmb,8.7
4ido,4.93
3rf5,5.63
4lk7,5.04
4x6o,8.72
3t0b,4.3
2e1w,7.96
1sh9,6.03
1afk,6.62
1p57,4.4
2fu8,4.7
5j6n,7.77
1d4y,11.1
1jq8,6.0
5fng,2.96
4owv,4.35
3h8b,6.29
2ews,6.62
1iih,2.89
6hke,7.68
3rlb,9.92
1duv,11.8
2xog,3.43
6dyv,10.59
4csd,5.91
2hnx,7.08
4ea2,6.44
2wtv,8.74
2wc3,6.08
4hdf,8.49
6eog,5.8
6b7b,2.89
5aoj,4.68
6aqs,7.55
1hpo,9.22
4q1w,11.7
5yl2,4.5
3ts4,8.72
3r5t,8.58
2j95,8.4
5ny1,6.44
3ocz,7.46
4u6z,5.41
1ctu,11.92
1ydt,7.32
5mpz,4.07
1b3l,5.89
4uc5,5.48
2bfr,5.25
5l2s,7.08
2hmv,7.7
5hrx,5.29
2v59,7.74
5ka1,4.48
5nzn,3.66
3uo4,6.52
1uto,2.27
4io6,4.82
1k4g,5.85
4aqh,6.54
2bpy,7.4
2p7z,6.58
3lxk,9.8
5nvx,7.05
1lee,7.74
4w9h,6.73
4ozj,5.4
1v2u,3.37
2i4v,11.2
2jdp,6.6
6nco,4.52
3l4u,7.52
5j6a,7.77
6jbb,5.99
1mue,8.64
5cc2,4.1
2i4j,6.16
2vvn,7.3
4tjz,5.97
4yml,8.35
5fto,8.21
2vxn,5.0
3ff3,3.57
1h22,9.1
4hdb,8.05
3s8l,5.64
1fd0,8.4
2xxr,6.55
3nhi,8.43
2oxx,6.7
1n0s,7.45
2ojj,8.7
3sio,8.0
2xpk,11.3
6g3q,7.24
3eeb,5.89
4dkp,5.72
5u28,7.17
2pqz,5.67
3uod,7.31
5eqy,8.0
5cj6,8.69
1b8y,7.85
4ahr,2.19
4nwc,5.76
5sz5,7.7
2j7h,7.19
2q5k,11.3
4je8,5.21
3rlq,7.4
3sm2,9.7
6gnw,4.99
1olu,4.41
1bzc,4.92
5kax,6.11
5t9u,7.6
6g2l,7.17
3o5n,4.76
5f9b,4.26
1o5e,5.74
4msc,5.96
4z1j,8.11
1qk4,4.21
4i74,6.72
2vqt,6.0
1oz0,7.7
4xo8,8.96
5ljt,8.92
2wc4,5.29
3nes,5.62
5xg5,3.48
3vje,8.01
5i9y,8.55
1rnm,3.07
6gg4,3.69
2g94,9.52
4i7j,3.32
1r5y,6.46
3k8q,11.28
5e13,4.24
1nh0,9.74
4zt8,4.39
3coz,5.57
4jsa,4.96
1sln,6.64
4v27,6.66
4gj2,8.6
1fzj,8.1
456c,9.77
5d0r,6.37
3n2u,7.84
5dex,7.65
3uw4,7.77
2vwn,8.0
1y3x,5.14
1ghz,4.8
2xbx,7.82
1ypg,8.0
5dq8,4.14
4qp2,3.03
1cnw,7.72
4de0,5.89
2gz2,5.22
6o0k,10.74
3f34,3.16
5std,10.49
4d4d,5.96
2yge,5.06
6e1y,7.66
3eqr,8.7
4y0a,2.31
2yi0,8.12
1s5z,3.21
1gi4,7.19
1xka,6.88
3kgt,5.51
4cwf,4.49
6fs0,9.77
1ii5,6.62
1xbo,6.04
4i3z,4.29
2vkm,8.74
3ffg,9.08
3nu3,9.82
5aqz,5.48
1qk3,5.15
3vw1,4.67
3g0w,9.52
1c1u,8.25
5edd,5.24
1hvs,10.3
4rrg,2.81
2zkj,5.48
1zgi,5.34
2yfe,6.63
4abg,3.57
3bgz,6.26
3k4q,5.34
3suw,4.7
5otr,4.92
3qgw,5.89
5ld8,8.05
4dju,5.44
5j8u,6.47
4gu9,4.37
5gj9,4.99
6f1j,4.62
1lvu,5.32
4iie,2.34
2h4n,8.7
4mr6,6.6
4q19,8.05
6ouv,5.55
2j62,11.34
5wbm,4.7
2xnb,6.83
1ur9,5.77
4wkb,11.57
5ey0,2.65
1hyo,4.07
5ufc,5.16
6d5j,6.34
4sga,7.3
2bq7,7.05
6g2s,8.4
4mrw,3.3
6pga,4.54
1w0z,7.68
3s78,6.47
2i4z,5.7
4ury,2.22
3zj6,6.66
3t01,4.48
2zcr,6.87
6g36,7.79
4q7v,3.59
1v2s,4.17
3mdz,9.1
5hbs,7.73
6fv4,2.92
4djx,7.23
6p86,4.7
4rra,4.87
2p4j,8.96
4h3f,9.0
3k5x,6.41
2wvz,4.02
2q8z,5.68
4zgk,5.51
6c9v,6.92
3e12,5.99
1nfu,7.74
4f6w,7.52
2haw,4.92
2qzr,7.26
3gbe,5.0
3f5k,4.62
3oe5,6.88
4ql1,7.03
1zea,5.22
5dh5,9.64
3rz1,8.74
1fzk,8.4
6qgh,8.15
3c2f,2.0
1pro,11.3
3ehx,7.6
1bn1,9.34
3bra,2.7
4ayq,7.33
1o86,9.57
5os5,3.39
3tzm,7.77
6f3b,6.56
2hjb,4.39
4zec,5.82
2b1g,6.64
1hvr,9.51
6b4u,7.68
4w9l,5.02
3ps1,10.17
2oag,8.47
4cwo,5.21
5wyz,7.68
3ttm,8.52
4fl2,3.66
6ibk,3.29
1b3g,6.7
2qbq,7.44
1u71,7.48
4mc2,8.19
3a9i,4.15
5g1z,5.32
5amd,8.55
5od1,5.96
2xxt,8.05
1ols,5.82
5mlj,8.85
2x7u,5.27
1o3i,7.3
2yk1,8.13
4zzz,7.06
3f16,8.23
2ovv,7.92
5m7s,9.05
3iqu,4.77
3nq9,4.03
5op4,6.71
4n8q,3.42
1ew8,2.26
3n4b,7.02
6py0,6.41
1z9y,7.19
2uwd,8.35
4buq,8.14
5fou,3.95
1b3h,6.21
6fmj,6.12
5l7g,7.8
6ej2,7.8
5hjq,4.72
3b27,5.16
4ayu,4.73
1q5k,7.42
2brb,4.86
1bn3,9.89
3d51,4.15
6aro,5.15
3brn,8.7
1f5l,5.28
1h46,3.57
4euo,5.05
3v4t,4.11
2p3b,8.48
1eb2,6.01
1d4h,10.0
1fpc,7.0
3miy,7.68
3tk2,4.62
5ta2,7.96
2vmc,2.94
3nyx,7.49
5xpi,5.28
4rfd,8.05
1g54,8.82
4des,5.85
3s73,8.7
4c9x,7.32
6g37,7.37
5nkb,9.12
3gm0,7.77
5oot,7.55
4cst,8.89
5yas,3.26
1yfz,4.35
5mnr,5.46
6mg5,4.69
5ia0,6.73
3r16,7.3
5vsj,4.02
3pd8,6.46
6aox,4.82
4io3,6.06
3udd,7.1
3nkk,4.7
1pvn,9.82
3m67,6.74
1w3l,6.28
3el4,7.17
6d15,4.48
1d6v,6.17
5upj,7.12
6fz4,5.95
3sxf,8.6
4fxq,5.77
6rot,6.32
4bah,8.7
3vh9,6.24
1br6,3.22
4std,10.33
6dz0,9.03
2qhz,7.28
3tkw,5.27
5vja,6.59
6qls,5.35
5el9,7.64
3zq9,6.02
1l8g,6.22
1xh9,7.77
6jao,4.86
2p09,6.35
1fq5,8.4
1a94,7.85
4wop,4.76
4hge,7.92
1c86,4.7
4llp,4.8
3dx2,6.82
5cep,6.84
6u5y,7.16
4rak,7.85
4hu1,7.54
1dqn,8.0
6ajr,4.31
6pg6,3.7
5lwm,8.87
5m9w,2.24
6hgg,5.42
3juo,5.07
1d3p,7.39
5evb,5.0
1a1e,6.0
1oba,2.44
4o61,4.3
1v2o,4.73
4xk9,9.07
1pa9,4.6
4auj,7.74
4yhm,9.76
4kz6,3.1
1ndw,5.23
1zfq,7.52
3su3,9.13
1w5y,8.48
4b35,2.89
6mle,9.0
2x09,3.76
3vtr,5.57
2bvd,6.0
2ca8,4.66
4yrd,4.57
3v2p,6.36
3g32,3.71
1m0n,2.22
1nq7,6.8
3th9,7.7
4gny,4.22
5mz8,2.31
5lvl,5.9
5z66,6.69
6pgb,4.6
3tif,5.38
6r1d,5.4
6ayt,8.85
2r59,8.19
6cwh,7.54
1g85,5.48
2fpz,3.96
6dz2,8.85
5orw,3.1
5uk8,6.4
1tni,4.0
4mnp,7.34
5oa6,5.51
3vx3,7.82
2f94,6.71
5j6l,7.89
2ydw,7.34
1k1y,3.22
6jb4,5.98
5aut,5.17
5kad,4.43
5upz,9.2
4fk6,9.7
3mxd,8.83
3g5k,9.52
5vo1,8.15
1ppc,6.16
3ehy,5.85
6gfs,6.54
2j7g,7.0
3zns,7.41
4qij,5.54
4dv8,9.24
1r0p,8.0
2xye,8.34
4cl6,5.39
5l8c,7.0
5kma,4.71
1qka,5.92
2yxj,9.3
2ogy,4.48
3slz,6.99
5nk7,6.33
4bkt,3.62
2zx8,9.64
6iiu,7.96
5bry,11.82
2qmg,9.15
1i1e,5.03
1hi3,4.19
5d25,6.3
5jhk,4.64
4duh,5.18
5orj,4.77
5upe,8.05
2yix,8.48
5ehw,3.0
2w9h,6.37
2pk5,10.7
3ng4,5.43
2baj,8.4
3bwj,6.5
4ap7,7.96
4cmo,9.07
966c,7.64
6euw,7.77
6i67,6.7
1gjc,6.35
4lov,7.77
4xip,6.63
3sur,4.15
1l83,3.4
6ncn,3.05
3b68,8.4
6idb,6.4
4i7m,4.14
4nh8,8.52
1ec2,10.0
5i7y,7.28
2qu6,8.52
3b4f,8.14
4ynl,4.62
5wp5,5.34
3d2e,6.42
6dz3,8.89
3c2u,2.9
3ao5,2.23
2zwz,7.79
2jdm,5.4
3e3c,5.62
5i3w,9.22
3wto,6.92
2q55,8.69
6dh2,10.89
2xyf,8.44
5f62,8.17
2pov,7.12
3uev,5.89
5dhu,6.3
4j7d,4.7
2xxx,6.41
5ka9,4.41
5umx,5.96
2jf4,8.15
4isi,8.14
3qqa,5.82
6fhq,2.47
2x95,4.95
4elg,8.16
4rux,7.92
1c5q,6.36
3qaa,11.54
4b6s,6.01
4e6d,8.92
3fv2,8.11
5wa8,6.23
6hqy,6.44
6fgg,4.77
1hwr,8.33
3lxe,6.6
5g60,6.52
3m3x,6.82
8a3h,4.06
2f80,8.18
6dai,4.07
2avo,8.85
5f60,7.37
2vmd,3.02
3lpk,9.1
6ajz,4.34
2xjj,6.51
3owj,6.07
5d48,7.52
6qln,4.66
5gsa,7.09
6n95,5.12
1mrw,9.7
1ikt,3.4
1uz8,4.96
4cd5,6.71
4ih5,4.11
4att,6.98
4qxo,5.51
5ngz,2.89
5k1f,4.79
5efh,6.1
3tf6,6.4
4i8w,10.9
5dnu,4.11
4qgd,7.43
1xjd,9.48
4m0z,5.19
3ryv,7.07
2f6t,4.62
3bxe,5.48
2w66,4.05
3o75,6.68
1v0k,5.1
2bfq,6.89
4dkr,6.52
2a8g,3.69
6b7a,4.49
3g2z,2.36
6h29,5.62
1pr5,3.92
2h4k,5.49
4b5w,3.33
4zeb,6.52
4rhx,5.8
3iw6,5.48
5mxf,3.59
4p6c,4.0
5wyx,6.66
3c79,7.2
4o2p,6.7
6s56,5.1
6r1w,5.3
3bv9,5.36
1srg,5.3
4m6u,2.74
4lps,5.74
6p9e,7.17
2zmm,7.6
4pcs,7.85
1c88,5.29
1o7o,4.49
4u6c,5.0
2aoe,7.62
1r9l,5.4
5z5f,2.17
5k0m,8.82
1hvh,7.96
2qtt,4.32
1bwa,8.6
5nau,7.52
5vkc,8.74
4eu0,6.4
2i80,5.4
4asj,7.55
6fe1,8.48
4n7u,6.29
4c5d,5.4
3g0e,7.7
2wer,7.05
4cj4,3.36
5g5v,6.7
5mgj,4.29
4lvt,10.36
1tlp,7.55
6o0o,7.44
5ovc,5.96
2wej,6.08
2zft,6.52
3ikd,6.75
4azg,7.1
6g0z,5.32
3s8n,6.21
4na9,7.39
3eft,7.92
1xk5,6.0
4nxu,5.54
4r59,7.96
5ovp,5.04
1iy7,6.19
3wtj,6.53
5l3a,4.89
6efj,3.32
3d78,7.64
3kdc,9.28
4lm2,3.03
3zxz,8.4
1uou,7.7
5lom,7.13
3ifl,8.08
4w97,7.1
2isw,7.43
4tu4,3.76
5lle,10.22
2f7o,7.44
3b3s,2.55
5fov,2.8
4oks,4.48
4br3,5.72
4xu3,9.5
4ehz,8.0
1g52,9.54
4zx4,7.11
1f73,2.39
3uuo,7.96
5nk3,7.42
6guc,7.6
4k77,6.63
5vsf,7.03
4h81,5.12
3w9r,6.18
4a6b,8.38
4q0k,4.87
1hsl,7.19
1fh8,6.89
6h36,9.35
1izi,6.59
1avn,3.9
3ckb,2.98
5oh9,3.86
2z94,5.85
4ax9,9.57
4wt2,10.42
3nw9,9.0
5th4,2.85
1hos,8.55
5e2l,4.03
6nv7,7.92
1e2k,4.94
3jup,5.58
1ftm,7.61
5i3a,5.05
5u13,5.41
3uxk,4.93
2vj8,8.7
4kwg,6.0
4bps,2.99
1e6s,3.22
5dus,5.53
3hl8,4.49
2vwc,6.62
4dff,7.46
3zll,6.4
1drj,7.4
5l9l,7.1
1hk4,5.31
1b2h,4.54
4de2,4.12
3oy8,3.66
6elp,6.63
3f7g,7.37
1f8b,5.4
4b9k,6.17
2j7e,7.32
4gki,4.46
6cze,4.03
4x5z,7.63
4yc0,4.13

